fecha_hora,energia_kwh,demanda_kw,temperatura_c,ocupacion,tipo_dia,estado_hvac
2026-04-01 00:00:00,5.417540890528741,5.639192419423126,20.200203719814237,3,Laboral,Apagado
2026-04-01 01:00:00,6.446295166214037,6.573491343285068,16.976773540213248,6,Laboral,Apagado
2026-04-01 02:00:00,9.911788456060016,9.836343860523218,17.175680891258025,4,Laboral,Apagado
2026-04-01 03:00:00,8.23761155838108,9.17395257773713,17.48901953959581,3,Laboral,Apagado
2026-04-01 04:00:00,4.95810585302501,5.42102845471402,16.18958906049284,0,Laboral,Apagado
2026-04-01 05:00:00,6.38159841314862,6.882427334480972,17.538377072349384,4,Laboral,Apagado
2026-04-01 06:00:00,6.742623737381705,6.694562275155747,18.17050441222429,7,Laboral,Apagado
2026-04-01 07:00:00,24.05860029496421,24.080091645480643,16.894330832385496,149,Laboral,Encendido
2026-04-01 08:00:00,13.18433477762162,13.054313700745759,21.185913426386108,62,Laboral,Encendido
2026-04-01 09:00:00,20.108274291562267,21.556546000894905,21.720598219103458,132,Laboral,Encendido
2026-04-01 10:00:00,18.957423344388722,20.551241821479927,21.28476141164997,137,Laboral,Encendido
2026-04-01 11:00:00,12.494003253066241,13.770257373696413,22.794142086565135,58,Laboral,Encendido
2026-04-01 12:00:00,11.971321361127606,12.470584891949818,24.434786373782295,50,Laboral,Encendido
2026-04-01 13:00:00,16.187244853705675,15.771095489881912,24.150473916907778,65,Laboral,Encendido
2026-04-01 14:00:00,15.253083789815825,16.78260767386516,24.57240441074922,43,Laboral,Encendido
2026-04-01 15:00:00,13.972862100233671,14.749065680154986,23.256110305011052,77,Laboral,Encendido
2026-04-01 16:00:00,13.54525183381029,15.452569733318835,25.52919967942654,54,Laboral,Encendido
2026-04-01 17:00:00,15.260940953483304,15.157732410066894,24.6127587014822,28,Laboral,Encendido
2026-04-01 18:00:00,22.241465367469996,20.926480683807657,24.157779033258148,134,Laboral,Encendido
2026-04-01 19:00:00,16.157024242488998,17.925504591614594,21.16817056175619,119,Laboral,Encendido
2026-04-01 20:00:00,4.230619563491616,3.8094485693509457,24.016115809833853,4,Laboral,Apagado
2026-04-01 21:00:00,6.464840833157341,6.076525377084951,21.18520264254763,6,Laboral,Apagado
2026-04-01 22:00:00,9.531350898043236,10.029394511079625,19.50015588764625,3,Laboral,Apagado
2026-04-01 23:00:00,5.829444578585211,6.252896472853376,21.434886664913336,5,Laboral,Apagado
2026-04-02 00:00:00,7.555533872756187,7.27723176899605,18.117109639421034,4,Laboral,Apagado
2026-04-02 01:00:00,7.645546395171652,6.944313501359014,15.795083945886358,0,Laboral,Apagado
2026-04-02 02:00:00,,9.830985757020107,16.6500232683305,1,Laboral,Apagado
2026-04-02 03:00:00,12.178649062628544,13.333510267078534,14.254021877633933,6,Laboral,Apagado
2026-04-02 04:00:00,5.446486773685416,6.251762962096153,18.39557255405563,2,Laboral,Apagado
2026-04-02 05:00:00,8.168145100302704,7.985214445143436,17.036129202638225,7,Laboral,Apagado
2026-04-02 06:00:00,7.964052468217576,7.777397573222652,17.28050864500833,4,Laboral,Apagado
2026-04-02 07:00:00,17.260503074571652,18.585435551349644,20.286964157890594,115,Laboral,Encendido
2026-04-02 08:00:00,12.19282194764768,13.368049760131438,17.98343311230291,42,Laboral,Encendido
2026-04-02 09:00:00,17.10992391382758,16.628129041438555,21.64251522759131,101,Laboral,
2026-04-02 10:00:00,18.836133474851895,17.4721037159248,19.55797841666467,108,Laboral,Encendido
2026-04-02 11:00:00,12.08231978237179,11.631496021076174,22.20540879239983,49,Laboral,Encendido
2026-04-02 12:00:00,15.51065407770992,14.929461800628568,22.383363310026514,69,Laboral,Encendido
2026-04-02 13:00:00,15.624394149225207,16.06628582097503,26.218472367793982,61,Laboral,Encendido
2026-04-02 14:00:00,21.248527241704277,20.150814054603778,26.983096358671474,96,Laboral,Encendido
2026-04-02 15:00:00,17.922050066328808,16.463324734696567,24.60470349770432,107,Laboral,Encendido
2026-04-02 16:00:00,16.013672639358813,18.27706231746187,25.872583195728517,64,Laboral,Encendido
2026-04-02 17:00:00,14.626481630994082,15.38122362781329,24.248117933634934,60,Laboral,Encendido
2026-04-02 18:00:00,21.311964426093006,19.272689504019986,24.51010138953977,141,Laboral,Encendido
2026-04-02 19:00:00,17.041530584699608,18.383593863254646,22.09659536429424,150,Laboral,Encendido
2026-04-02 20:00:00,10.096840779490257,9.545320052059257,19.985269136609617,5,Laboral,Apagado
2026-04-02 21:00:00,8.096173081751642,8.086711220871479,18.83628160982431,5,Laboral,Apagado
2026-04-02 22:00:00,5.150334366142308,5.342077976031208,20.42447004169893,5,Laboral,Apagado
2026-04-02 23:00:00,2.8359642573488277,3.071782205082529,21.697114063369238,6,Laboral,Apagado
2026-04-03 00:00:00,-5.0,9.027566665999714,18.494866831863273,5,Laboral,Apagado
2026-04-03 01:00:00,9.836049416506356,9.470089465138354,16.906372841581224,6,Laboral,Apagado
2026-04-03 02:00:00,9.416373588488005,8.568593874493265,19.430719329642052,5,Laboral,Apagado
2026-04-03 03:00:00,10.167559359231412,9.65949175337036,17.284762215964633,2,Laboral,Apagado
2026-04-03 04:00:00,7.568373398287207,7.434946059472838,17.258017477097663,3,Laboral,Apagado
2026-04-03 05:00:00,9.55319966105751,9.11652818433848,17.838991667528628,7,Laboral,Apagado
2026-04-03 06:00:00,5.09560597465063,5.124216960472339,18.012720238173593,2,Laboral,Apagado
2026-04-03 07:00:00,13.470000634949152,13.563501431984355,18.628628391293343,37,Laboral,Encendido
2026-04-03 08:00:00,24.813148961837747,28.214311704220872,18.24276766034725,143,Laboral,Encendido
2026-04-03 09:00:00,13.057503218577562,14.852751304087478,21.60194894781725,84,Laboral,Encendido
2026-04-03 10:00:00,17.745997925873457,17.912588428221248,21.92154563988221,131,Laboral,Encendido
2026-04-03 11:00:00,19.37602529038078,19.198904203918964,24.43170310681281,115,Laboral,Encendido
2026-04-03 12:00:00,16.123319681889896,18.07482154530336,23.385844962608775,91,Laboral,Encendido
2026-04-03 13:00:00,18.668480164041775,20.073208464854346,22.176457760901194,107,Laboral,Encendido
2026-04-03 14:00:00,17.40248415746669,19.522981189495464,24.744170546882437,113,Laboral,Encendido
2026-04-03 15:00:00,25.097874804197275,25.243313859564328,27.039444756096017,122,Laboral,Encendido
2026-04-03 16:00:00,17.26486528567568,15.632334837534726,,119,Laboral,Encendido
2026-04-03 17:00:00,14.953261009140846,14.57433238861725,23.396273381912856,94,Laboral,Encendido
2026-04-03 18:00:00,18.69751863923776,17.76818351507841,22.396116818036372,150,Laboral,Encendido
2026-04-03 19:00:00,13.670069998088312,14.425389585392956,21.73997982670955,82,Laboral,Encendido
2026-04-03 20:00:00,5.8429674495605886,6.120886444156498,21.675043696249887,5,Laboral,Apagado
2026-04-03 21:00:00,8.050704637722149,7.467652656980955,19.584021487850155,1,Laboral,Apagado
2026-04-03 22:00:00,6.6337119592975675,7.299324447592606,21.76189075830702,4,Laboral,Apagado
2026-04-03 23:00:00,11.95391124685443,12.793912543942687,18.660837716709544,6,Laboral,Apagado
2026-04-04 00:00:00,8.820403611301703,8.85145113871986,18.301950921047485,6,Fin de semana,Apagado
2026-04-04 01:00:00,6.759707493185199,6.824473298758353,19.261785809742754,0,Fin de semana,Apagado
2026-04-04 02:00:00,8.013314235008698,8.148141112236075,18.940278919344017,0,Fin de semana,Apagado
2026-04-04 03:00:00,9.441786704627784,10.110406337592822,16.744720439578927,2,Fin de semana,Apagado
2026-04-04 04:00:00,7.987159396067614,8.160745967751849,17.534665753429923,5,Fin de semana,Apagado
2026-04-04 05:00:00,6.163962488576968,6.9365368897946,18.417930286115077,7,Fin de semana,Apagado
2026-04-04 06:00:00,6.812573228238256,7.200002544019095,17.94014632283407,6,Fin de semana,Apagado
2026-04-04 07:00:00,9.088280062180795,9.002479931765535,16.86638457644979,7,Fin de semana,Apagado
2026-04-04 08:00:00,8.324981091266716,9.109871663762398,20.75037066403365,2,Fin de semana,Apagado
2026-04-04 09:00:00,7.237769550558286,7.5629454676121375,22.07322276578464,2,Fin de semana,Apagado
2026-04-04 10:00:00,6.480921511949599,6.1382760158515275,22.533879317567695,3,Fin de semana,Apagado
2026-04-04 11:00:00,7.48998125473104,7.984154304716445,21.89174641194414,3,Fin de semana,Apagado
2026-04-04 12:00:00,5.888071321817025,6.618665303043926,23.593194349976635,0,Fin de semana,Apagado
2026-04-04 13:00:00,7.845415533990848,7.965736346919003,23.75517783250199,6,Fin de semana,Apagado
2026-04-04 14:00:00,9.866493889238964,10.308196249078417,24.50404982036288,2,Fin de semana,Apagado
2026-04-04 15:00:00,10.197438964805846,9.367031996821781,26.556262231272008,3,Fin de semana,Apagado
2026-04-04 16:00:00,10.413002484874427,9.517729618121342,26.699198865228063,0,Fin de semana,Apagado
2026-04-04 17:00:00,7.021586334079733,6.769010368969903,25.26740344722935,3,Fin de semana,Apagado
2026-04-04 18:00:00,8.02551011592269,9.12982183317753,24.486921268480188,6,Fin de semana,Apagado
2026-04-04 19:00:00,5.669226099034694,5.251572825790969,23.811954787467062,7,Fin de semana,Apagado
2026-04-04 20:00:00,8.452359925365439,8.278741481007243,22.020585556482352,7,Fin de semana,Apagado
2026-04-04 21:00:00,5.90342233792268,6.284185339915158,20.90920384621552,1,Fin de semana,Apagado
2026-04-04 22:00:00,5.237054278268333,5.882399528588176,19.15634959473863,4,Fin de semana,Apagado
2026-04-04 23:00:00,6.441544665670496,7.341666061210722,18.93295905993991,0,Fin de semana,Apagado
2026-04-05 00:00:00,7.223201519303919,7.657922491886803,20.883509259205322,2,Fin de semana,Apagado
2026-04-05 01:00:00,4.037050529873323,3.678719239350801,18.57874557996684,6,Fin de semana,Apagado
2026-04-05 02:00:00,5.725773188422883,5.782518658872921,16.72575626673149,1,Fin de semana,Apagado
2026-04-05 03:00:00,10.706921817134404,12.041382470060771,16.433688017439774,7,Fin de semana,Apagado
2026-04-05 04:00:00,8.780409029313518,8.576053532265664,16.09890870494083,2,Fin de semana,Apagado
2026-04-05 05:00:00,8.069126789348841,7.273722253497041,17.985142804547337,5,Fin de semana,Apagado
2026-04-05 06:00:00,5.179650696409846,5.8579229636600205,18.641427707456906,7,Fin de semana,Apagado
2026-04-05 07:00:00,11.010459822754209,12.360864458887773,17.268254011598874,2,Fin de semana,Apagado
2026-04-05 08:00:00,8.652902985548282,9.362986171922264,20.54832605627996,1,Fin de semana,Apagado
2026-04-05 09:00:00,8.697026293315208,8.189774574836363,20.316633275377804,7,Fin de semana,Apagado
2026-04-05 10:00:00,4.823344146322016,5.206681448298304,23.747341568388684,0,Fin de semana,Apagado
2026-04-05 11:00:00,8.10222347701727,7.546054761985658,23.18821278044502,5,Fin de semana,Apagado
2026-04-05 12:00:00,10.25024741659574,9.86287175803052,25.889703184338472,6,Fin de semana,Apagado
2026-04-05 13:00:00,6.660966713298212,6.035000647850174,23.914349463674544,4,Fin de semana,Apagado
2026-04-05 14:00:00,7.033758280503958,6.708789738123219,24.518122665331337,4,Fin de semana,Apagado
2026-04-05 15:00:00,6.863450833660913,7.699332369384703,25.35977002272388,3,Fin de semana,Apagado
2026-04-05 16:00:00,9.451660375150036,10.270943757726972,26.13084126415372,7,Fin de semana,Apagado
2026-04-05 17:00:00,7.386408363902414,7.897858078353876,25.143160601490642,5,Fin de semana,Apagado
2026-04-05 18:00:00,6.073958846576431,6.380339082672453,22.348198392273115,4,Fin de semana,Apagado
2026-04-05 19:00:00,4.0928009717768,3.9070668009104144,23.21948084193772,1,Fin de semana,Apagado
2026-04-05 20:00:00,3.8116110904212643,3.5130782144009065,22.061969866658757,7,Fin de semana,Apagado
2026-04-05 21:00:00,8.961377659632282,8.632946748565624,20.48511768773281,6,Fin de semana,Apagado
2026-04-05 22:00:00,10.247185005019025,11.4222922631525,19.186997468119085,2,Fin de semana,Apagado
2026-04-05 23:00:00,8.503426571316641,8.751035348841503,21.097092687218375,5,Fin de semana,Apagado
2026-04-06 00:00:00,10.716520291536677,9.83330621077877,17.703109097619933,4,Laboral,Apagado
2026-04-06 01:00:00,7.465706395826188,7.2491342078778915,16.520791220308876,2,Laboral,Apagado
2026-04-06 02:00:00,7.816552655978855,7.916538789419244,17.900832094218654,2,Laboral,Apagado
2026-04-06 03:00:00,8.772878794175545,8.281690047713568,17.156747572714703,1,Laboral,Apagado
2026-04-06 04:00:00,8.385974745287974,7.771856462400669,17.045320055276623,7,Laboral,Apagado
2026-04-06 05:00:00,10.689716484652863,10.929112654723872,18.473460558122838,2,Laboral,Apagado
2026-04-06 06:00:00,5.543977299207885,6.203339208613946,18.75792337432503,6,Laboral,Apagado
2026-04-06 07:00:00,21.2540212509931,20.358325124915165,19.434628001141313,148,Laboral,Encendido
2026-04-06 08:00:00,11.070729115465143,11.166445343949015,21.121764400859607,51,Laboral,Encendido
2026-04-06 09:00:00,16.12509410560993,17.729176188373014,21.34036370860175,117,Laboral,Encendido
2026-04-06 10:00:00,13.927440141413912,14.502777190288516,21.294969841501516,61,Laboral,Encendido
2026-04-06 11:00:00,6.23165972405843,6.591580840905938,22.565261325896333,34,Laboral,Encendido
2026-04-06 12:00:00,15.993192436338692,17.25236022222577,23.203260322381016,72,Laboral,Encendido
2026-04-06 13:00:00,22.008720671165364,24.288497537342987,24.715768083509673,125,Laboral,Encendido
2026-04-06 14:00:00,16.900906999505487,15.436551069888838,23.570121432055426,94,Laboral,Encendido
2026-04-06 15:00:00,13.85936500574893,14.451358661215327,22.801088839925708,48,Laboral,Encendido
2026-04-06 16:00:00,26.689177866791525,24.59990307817391,24.96948921467435,145,Laboral,Encendido
2026-04-06 17:00:00,18.942026943780146,17.804948760037316,22.86027695519092,128,Laboral,Encendido
2026-04-06 18:00:00,18.108059471742234,16.53034203710673,21.48605340649204,112,Laboral,Encendido
2026-04-06 19:00:00,18.98007854210629,17.912750863092484,23.447996940580026,117,Laboral,Encendido
2026-04-06 20:00:00,7.407032693500069,8.28393646477333,21.182012345061835,0,Laboral,Apagado
2026-04-06 21:00:00,5.401056708983477,5.089478291410874,21.59535050668689,0,Laboral,Apagado
2026-04-06 22:00:00,6.070094852362301,5.495818362403239,19.32769931728035,2,Laboral,Apagado
2026-04-06 23:00:00,9.018051075821518,8.689234940136904,17.653645134153304,1,Laboral,Apagado
2026-04-07 00:00:00,7.5403081376961945,8.236461143938397,16.67935185862659,3,Laboral,Apagado
2026-04-07 01:00:00,10.425386563905642,10.763824607399307,16.917985717617793,7,Laboral,Apagado
2026-04-07 02:00:00,9.77712485116491,10.130134674018556,16.808237327348788,2,Laboral,Apagado
2026-04-07 03:00:00,8.119324837878809,8.648053166344619,16.01184789918057,5,Laboral,Apagado
2026-04-07 04:00:00,8.825764685782707,8.634311650197969,16.798967199467622,0,Laboral,Apagado
2026-04-07 05:00:00,8.739705156342593,9.590656885369134,15.692575629407276,0,Laboral,Apagado
2026-04-07 06:00:00,8.021569476384368,8.208449973912064,18.18895960922534,7,Laboral,Apagado
2026-04-07 07:00:00,27.380091771531447,26.753992432187115,16.847621509839545,150,Laboral,Encendido
2026-04-07 08:00:00,22.062365671283203,21.302066327898093,19.73209623924484,148,Laboral,Encendido
2026-04-07 09:00:00,15.775813644424977,18.074433489593755,21.83675293173549,100,Laboral,Encendido
2026-04-07 10:00:00,,15.527397648735723,23.34560274310387,111,Laboral,Encendido
2026-04-07 11:00:00,13.856263012802684,14.396538574253785,25.05725629624291,36,Laboral,Encendido
2026-04-07 12:00:00,14.433303445902434,14.842112160336228,21.96088194852776,120,Laboral,Encendido
2026-04-07 13:00:00,11.536558825550118,12.13416836099449,25.374571855803136,26,Laboral,Encendido
2026-04-07 14:00:00,25.787262525525513,23.364855854787407,26.31124193809529,133,Laboral,Encendido
2026-04-07 15:00:00,16.505472010478517,15.199073812706853,26.17666838180556,28,Laboral,Encendido
2026-04-07 16:00:00,11.993231862814492,12.737632544167086,23.748514727028788,51,Laboral,Encendido
2026-04-07 17:00:00,14.825642314337507,15.836873166736494,24.95825781247693,85,Laboral,Encendido
2026-04-07 18:00:00,19.917979959367933,22.354510238826546,26.060493931418765,95,Laboral,Encendido
2026-04-07 19:00:00,9.853808583588103,10.385566371437998,21.203271629172086,39,Laboral,Encendido
2026-04-07 20:00:00,7.027591989688606,7.6294378511082535,22.606881420718786,0,Laboral,Apagado
2026-04-07 21:00:00,4.3429377961043,4.522470198480626,22.334748582790898,5,Laboral,Apagado
2026-04-07 22:00:00,9.303336053532078,9.307333486693599,19.128814600799593,0,Laboral,Apagado
2026-04-07 23:00:00,10.126247437871832,10.269022959719333,19.699564363943146,3,Laboral,Apagado
2026-04-08 00:00:00,5.912878751498994,6.731445303499964,16.886501865659962,4,Laboral,Apagado
2026-04-08 01:00:00,7.433550770214907,8.423240703537818,16.56124808714416,6,Laboral,Apagado
2026-04-08 02:00:00,7.275652760934015,8.154360135202412,16.15580039864911,1,Laboral,Apagado
2026-04-08 03:00:00,9.881967797842696,10.309258374528426,17.230769238582702,6,Laboral,Apagado
2026-04-08 04:00:00,4.744954482962658,4.524303640065113,17.027119175604405,2,Laboral,Apagado
2026-04-08 05:00:00,8.109966253930898,7.458093379929311,18.680836634128724,3,Laboral,Apagado
2026-04-08 06:00:00,8.04573255762552,9.071346751684539,17.043237938167078,4,Laboral,Apagado
2026-04-08 07:00:00,10.938152041217323,10.125787616277426,18.842469219889,30,Laboral,Encendido
2026-04-08 08:00:00,20.394909242008787,20.168864862941124,21.118015575926123,133,Laboral,Encendido
2026-04-08 09:00:00,16.54285427361951,18.251386569153887,21.672932606681936,150,Laboral,Encendido
2026-04-08 10:00:00,7.597793414736422,7.229938999809672,20.445706577712606,24,Laboral,Encendido
2026-04-08 11:00:00,15.49065632413799,17.029449194204574,23.798244421949253,97,Laboral,Encendido
2026-04-08 12:00:00,18.567317540195415,17.81154888179523,23.254325668980712,108,Laboral,Encendido
2026-04-08 13:00:00,12.835491344441149,14.069689178000408,24.926565460611332,45,Laboral,Encendido
2026-04-08 14:00:00,15.357694706989712,16.553870112183123,25.224519803183764,79,Laboral,Encendido
2026-04-08 15:00:00,19.076570579072985,18.533662878755234,26.463182660762353,79,Laboral,Encendido
2026-04-08 16:00:00,21.683795266458965,21.343822250980644,25.003575232838717,145,Laboral,Encendido
2026-04-08 17:00:00,8.80948441106811,8.727155484874377,22.239534569328505,39,Laboral,Encendido
2026-04-08 18:00:00,10.265660380389786,10.721478625479264,22.18459546197116,49,Laboral,Encendido
2026-04-08 19:00:00,17.96272335292274,20.237691328288605,23.87738526251287,101,Laboral,Encendido
2026-04-08 20:00:00,11.242695452049123,11.653640677023308,21.72529658052495,1,Laboral,Apagado
2026-04-08 21:00:00,4.834757174204131,4.854573409825759,22.365574872112877,5,Laboral,Apagado
2026-04-08 22:00:00,7.358818939732319,7.342337120041404,20.292850401107145,0,Laboral,Apagado
2026-04-08 23:00:00,7.786780182401592,7.349510410853296,18.101121116865368,4,Laboral,Apagado
2026-04-09 00:00:00,6.983469560488114,7.454729210430334,19.470460986921665,3,Laboral,Apagado
2026-04-09 01:00:00,11.482837077575534,11.758079896894342,16.567021167027253,5,Laboral,Apagado
2026-04-09 02:00:00,10.874789544281823,12.220908959633052,14.673134084913313,5,Laboral,Apagado
2026-04-09 03:00:00,9.023121672151937,9.284827331760843,19.47655466127542,7,Laboral,Apagado
2026-04-09 04:00:00,8.517650431638026,9.701063276841566,14.84339804169709,4,Laboral,Apagado
2026-04-09 05:00:00,6.389875219323983,6.454127273558595,18.29959381563743,3,Laboral,Apagado
2026-04-09 06:00:00,7.880114702355534,8.10781220986615,19.298194998004217,1,Laboral,Apagado
2026-04-09 07:00:00,13.134083469788038,12.4195791773378,19.17647903572191,48,Laboral,Encendido
2026-04-09 08:00:00,13.0732926113381,14.34537134359159,17.944647607224212,38,Laboral,Encendido
2026-04-09 09:00:00,15.501480582600262,14.062288719839145,22.218017922553067,87,Laboral,Encendido
2026-04-09 10:00:00,11.413010873835647,10.782817779011674,20.305423720443926,61,Laboral,Encendido
2026-04-09 11:00:00,11.355164597982192,11.114352612067103,21.38764572213144,64,Laboral,Encendido
2026-04-09 12:00:00,15.300519317466525,16.980509844147978,23.394425149548233,68,Laboral,Encendido
2026-04-09 13:00:00,13.885512268240047,14.618444108271296,25.41030710407815,45,Laboral,Encendido
2026-04-09 14:00:00,21.869145778141718,21.36183785560496,25.223839992033227,121,Laboral,Encendido
2026-04-09 15:00:00,20.861551123943666,23.54724452975105,25.97292194294502,131,Laboral,Encendido
2026-04-09 16:00:00,17.986464913763555,19.92685541303902,24.331330708499824,88,Laboral,Encendido
2026-04-09 17:00:00,15.095022249933603,13.702192124164437,24.2574816712706,85,Laboral,Encendido
2026-04-09 18:00:00,12.697654723390704,12.196557436004841,22.463862978947954,39,Laboral,Encendido
2026-04-09 19:00:00,10.95655057337013,11.770698084599779,22.61976145613279,29,Laboral,Encendido
2026-04-09 20:00:00,7.815971830770767,8.735066924924231,22.74702996258196,5,Laboral,Apagado
2026-04-09 21:00:00,9.52977058099517,10.344960768656485,20.640206335229855,0,Laboral,Apagado
2026-04-09 22:00:00,8.069646689245225,9.04572713748748,20.535275285367455,7,Laboral,Apagado
2026-04-09 23:00:00,7.163217830888257,6.672138283520558,18.312070898140576,7,Laboral,Apagado
2026-04-10 00:00:00,11.240938122203705,10.139312270094287,17.460702963906108,5,Laboral,Apagado
2026-04-10 01:00:00,8.845824536361159,8.936886979224997,17.582900764535346,3,Laboral,Apagado
2026-04-10 02:00:00,10.678821702940182,9.780731885028674,16.90243889147378,3,Laboral,Apagado
2026-04-10 03:00:00,8.81161660660164,9.389024397050234,17.71086229112175,7,Laboral,Apagado
2026-04-10 04:00:00,10.498750799988034,11.852408885156155,17.350244984770878,4,Laboral,Apagado
2026-04-10 05:00:00,6.0687909874081125,6.097516851872759,19.624313939333636,5,Laboral,Apagado
2026-04-10 06:00:00,5.83389258526094,6.095445829833005,17.908179469840608,3,Laboral,Apagado
2026-04-10 07:00:00,13.367935911849663,13.326812419891345,18.727296820292437,67,Laboral,Encendido
2026-04-10 08:00:00,19.703680575088647,18.542493173760278,18.716566543047684,94,Laboral,Encendido
2026-04-10 09:00:00,7.7632332592692315,7.215455999383776,21.027333560903024,44,Laboral,Encendido
2026-04-10 10:00:00,14.713348755090637,15.875301964477064,22.85467090681672,119,Laboral,Encendido
2026-04-10 11:00:00,9.151716261241189,10.305547898036387,22.111645230312366,59,Laboral,Encendido
2026-04-10 12:00:00,12.1439323024356,12.037931540591341,23.76882040943464,39,Laboral,Encendido
2026-04-10 13:00:00,22.777198461994324,21.272553104644423,25.32636972735356,134,Laboral,Encendido
2026-04-10 14:00:00,15.350448540086152,16.99815847695874,24.711412326343446,84,Laboral,Encendido
2026-04-10 15:00:00,20.56522633849405,19.856934173950243,24.377035238622128,114,Laboral,Encendido
2026-04-10 16:00:00,15.965010614114949,17.43133681841443,26.03141508609252,52,Laboral,Encendido
2026-04-10 17:00:00,20.56206107121227,21.85909329851547,24.58052509380527,103,Laboral,Encendido
2026-04-10 18:00:00,21.040604459253302,20.567716124305964,24.30430453163765,117,Laboral,Encendido
2026-04-10 19:00:00,14.166346121271534,14.560661754590758,24.405672140252623,72,Laboral,Encendido
2026-04-10 20:00:00,7.272445247045665,7.217356564252712,23.40965528257364,1,Laboral,Apagado
2026-04-10 21:00:00,6.981568422827947,6.502218891479892,20.583354981031174,5,Laboral,Apagado
2026-04-10 22:00:00,8.230165881355397,7.868362661750503,19.334208156222413,1,Laboral,Apagado
2026-04-10 23:00:00,8.033760084645225,8.379000671076351,19.34117071999856,4,Laboral,encendido 
2026-04-11 00:00:00,7.956873199022617,8.712989979532033,18.01222783296725,1,Fin de semana,Apagado
2026-04-11 01:00:00,10.702551127913948,9.876336493897908,15.25606480172343,6,Fin de semana,Apagado
2026-04-11 02:00:00,8.132463072066676,7.723318274903529,18.66673077644279,5,Fin de semana,Apagado
2026-04-11 03:00:00,9.884175069888393,8.924113999500925,17.02323359299911,4,Fin de semana,Apagado
2026-04-11 04:00:00,8.426057924932659,9.65625941615225,18.019950254821886,6,Fin de semana,Apagado
2026-04-11 05:00:00,8.898780164418227,8.245871823719252,16.128398507726043,7,Fin de semana,Apagado
2026-04-11 06:00:00,9.278165091485107,9.231644414748269,19.717417145763882,5,Fin de semana,Apagado
2026-04-11 07:00:00,9.882063187461902,9.03087466407803,18.294084632725234,5,Fin de semana,Apagado
2026-04-11 08:00:00,9.44499570870399,9.68338236379922,19.835523331421925,1,Fin de semana,Apagado
2026-04-11 09:00:00,8.998562549158061,9.52127499874678,19.318290396327146,6,Fin de semana,Apagado
2026-04-11 10:00:00,6.517657646480097,6.719978953813911,21.83493649633218,6,Fin de semana,Apagado
2026-04-11 11:00:00,7.185491732446211,7.684758455442204,22.724235280771072,3,Fin de semana,Apagado
2026-04-11 12:00:00,7.556660400391354,7.208102941549673,23.605994477764128,4,Fin de semana,Apagado
2026-04-11 13:00:00,4.378585147458514,4.941721221127584,24.990307306444738,1,Fin de semana,Apagado
2026-04-11 14:00:00,5.9484981705700255,6.4958959149007445,24.936118322598478,6,Fin de semana,Apagado
2026-04-11 15:00:00,10.911009533496063,10.337170010032548,,3,Fin de semana,Apagado
2026-04-11 16:00:00,7.615162016657973,7.715925626552503,24.301913482374612,6,Fin de semana,Apagado
2026-04-11 17:00:00,1.6611471853308153,1.5033400209547731,23.268882524680517,0,Fin de semana,Apagado
2026-04-11 18:00:00,7.316809731762731,8.101649990668442,23.805499454802117,6,Fin de semana,Apagado
2026-04-11 19:00:00,7.52867910835866,8.46266443929085,23.75404164356454,3,Fin de semana,Apagado
2026-04-11 20:00:00,4.946007061451025,5.099041820402239,23.528846307971474,3,Fin de semana,Apagado
2026-04-11 21:00:00,10.930243825620732,10.818333938701535,21.976705722676726,6,Fin de semana,Apagado
2026-04-11 22:00:00,10.004279776545872,11.00321903824948,17.846195018399925,1,Fin de semana,Apagado
2026-04-11 23:00:00,9.36159178412783,9.254951130514403,19.45247002967226,7,Fin de semana,Apagado
2026-04-12 00:00:00,7.201954583351,6.566028824835634,19.92401900275929,5,Fin de semana,Apagado
2026-04-12 01:00:00,8.936881041426334,9.527726738550095,17.610990024478262,1,Fin de semana,Apagado
2026-04-12 02:00:00,10.546269461659172,10.563277105126591,16.517045694673293,7,Fin de semana,Apagado
2026-04-12 03:00:00,9.198068533270222,10.570975048868032,17.370993023231552,3,Fin de semana,Apagado
2026-04-12 04:00:00,7.192832058749438,7.397415783019383,16.53240631377841,0,Fin de semana,Apagado
2026-04-12 05:00:00,8.143157426587013,7.565087013330994,18.302834183947112,1,Fin de semana,Apagado
2026-04-12 06:00:00,8.184968975391861,8.970439095233454,18.155979509504668,2,Fin de semana,Apagado
2026-04-12 07:00:00,7.591557744292956,8.654301900248612,20.671600155995804,3,Fin de semana,Apagado
2026-04-12 08:00:00,5.05811693229867,4.705253908373618,20.564127117779034,1,Fin de semana,Apagado
2026-04-12 09:00:00,7.653751206006875,7.502330819132556,20.131338376085203,2,Fin de semana,Apagado
2026-04-12 10:00:00,7.207548641686131,7.361154874435009,22.76083372107024,7,Fin de semana,Apagado
2026-04-12 11:00:00,8.14861454797652,8.774176329472564,24.123214040277333,7,Fin de semana,Apagado
2026-04-12 12:00:00,24.666505347957635,26.536435567767928,23.146280098992474,7,Fin de semana,Apagado
2026-04-12 13:00:00,4.442717822382718,4.6917838003587145,23.9531483321436,0,Fin de semana,Apagado
2026-04-12 14:00:00,8.474899049369874,9.457587474713055,22.097483376834827,7,Fin de semana,Apagado
2026-04-12 15:00:00,9.274611342645848,10.054696244331263,26.084087186758524,1,Fin de semana,Apagado
2026-04-12 16:00:00,5.048234178085815,4.572641978774159,24.158398044416522,4,Fin de semana,Apagado
2026-04-12 17:00:00,6.7558323208761255,7.7178807321437946,21.917282248698523,7,Fin de semana,Apagado
2026-04-12 18:00:00,5.207293855369018,5.765262485476717,21.705901084650563,4,Fin de semana,Apagado
2026-04-12 19:00:00,6.177632407463486,6.601714945960941,22.732459812265397,5,Fin de semana,Apagado
2026-04-12 20:00:00,8.690372970463912,9.524186755657405,22.94806814492741,3,Fin de semana,Apagado
2026-04-12 21:00:00,7.9910915297709595,8.841097443274519,20.89312245742797,4,Fin de semana,Apagado
2026-04-12 22:00:00,10.550248954185733,9.6262914412497,20.530857130542056,2,Fin de semana,Apagado
2026-04-12 23:00:00,8.524442488734834,9.025828079998163,17.678200447929914,5,Fin de semana,Apagado
2026-04-13 00:00:00,6.327118738936701,5.917943354521093,16.561934122766832,0,Laboral,Apagado
2026-04-13 01:00:00,8.292540353686691,7.997152560992774,18.59876335286201,6,Laboral,Apagado
2026-04-13 02:00:00,4.035985958076956,4.460133568354712,17.726870045853506,6,Laboral,Apagado
2026-04-13 03:00:00,11.724526599803227,12.158612475287127,16.96338938007031,4,Laboral,Apagado
2026-04-13 04:00:00,7.971707655243338,7.773910123021979,18.674807844864993,0,Laboral,Apagado
2026-04-13 05:00:00,9.807403986525433,9.295694694018806,16.39446983515697,7,Laboral,Apagado
2026-04-13 06:00:00,8.693484609240976,8.863596297555999,17.667253289084975,6,Laboral,Apagado
2026-04-13 07:00:00,9.864505353098664,9.1395807688565,20.23164559697532,36,Laboral,Encendido
2026-04-13 08:00:00,14.81574211078568,14.756237711713851,22.170077090227668,96,Laboral,Encendido
2026-04-13 09:00:00,8.84985649973715,9.862107618776111,21.01011071995984,33,Laboral,Encendido
2026-04-13 10:00:00,18.60208012045772,18.46653312297406,24.05069946953168,123,Laboral,Encendido
2026-04-13 11:00:00,18.694465595035606,19.24122469592377,22.27698726206803,129,Laboral,Encendido
2026-04-13 12:00:00,14.113843582428414,16.05064425196032,24.224126942499463,85,Laboral,Encendido
2026-04-13 13:00:00,25.006647097910474,24.773199570427327,24.25551331551758,149,Laboral,Encendido
2026-04-13 14:00:00,15.20538524480261,14.742214136032754,22.9578051574878,110,Laboral,Encendido
2026-04-13 15:00:00,24.159560454525927,24.258095057468413,25.309567402051428,143,Laboral,Encendido
2026-04-13 16:00:00,11.458118097096692,11.425809721448234,25.983002936898345,23,Laboral,Encendido
2026-04-13 17:00:00,9.490410826601497,10.819546073070969,24.286181186408296,34,Laboral,Encendido
2026-04-13 18:00:00,14.055572159410012,12.69825467749318,23.74388097443845,59,Laboral,Encendido
2026-04-13 19:00:00,17.555929405874377,16.46222661437427,24.671512780315183,91,Laboral,Encendido
2026-04-13 20:00:00,6.820632773752192,7.47457279716105,20.535619896169585,6,Laboral,Apagado
2026-04-13 21:00:00,7.085588664488813,6.381807918712234,19.202894017887267,0,Laboral,Apagado
2026-04-13 22:00:00,6.705323401890183,6.767361593661718,19.179876846093734,7,Laboral,Apagado
2026-04-13 23:00:00,9.110162109850991,9.785366113022341,17.564052656715045,6,Laboral,Apagado
2026-04-14 00:00:00,6.262575881611109,5.724944939477765,19.787120007005313,2,Laboral,Apagado
2026-04-14 01:00:00,7.970162530668009,7.805891930794546,17.90752532590367,3,Laboral,Apagado
2026-04-14 02:00:00,10.613835856825753,10.292664627377759,16.09938496983435,3,Laboral,Apagado
2026-04-14 03:00:00,6.5443372953091625,6.727751924980339,16.262625003823693,7,Laboral,Apagado
2026-04-14 04:00:00,5.599669411624279,5.911176115274977,20.569577323711034,0,Laboral,Apagado
2026-04-14 05:00:00,7.03558386608821,7.671444676498766,16.803790329550193,2,Laboral,Apagado
2026-04-14 06:00:00,6.729038848106876,6.218889840609421,17.25714327419224,3,Laboral,Apagado
2026-04-14 07:00:00,18.509954221875613,17.78468525336623,19.36516860391465,133,Laboral,Encendido
2026-04-14 08:00:00,13.70585175860036,14.934739861293306,20.730626771199315,75,Laboral,Encendido
2026-04-14 09:00:00,11.71501777965163,13.099885960579885,21.266018206289367,51,Laboral,Encendido
2026-04-14 10:00:00,11.049572260714243,10.838634451703237,20.94492514064202,45,Laboral,Encendido
2026-04-14 11:00:00,15.668578262612659,14.330188582020519,21.608975515923326,134,Laboral,Encendido
2026-04-14 12:00:00,17.608717552161355,16.45539297390853,24.543795788644132,84,Laboral,Encendido
2026-04-14 13:00:00,15.422397583463518,16.931782607733318,24.3990733919107,61,Laboral,Encendido
2026-04-14 14:00:00,20.460651460251256,19.088881073323915,22.89398374086993,148,Laboral,Encendido
2026-04-14 15:00:00,18.533895950860607,17.67539500951489,26.405201192000888,105,Laboral,Encendido
2026-04-14 16:00:00,13.345520655915607,12.647224443265065,25.79409811776887,52,Laboral,Encendido
2026-04-14 16:00:00,13.345520655915607,12.647224443265065,25.79409811776887,52,Laboral,Encendido
2026-04-14 17:00:00,21.979310594868352,22.056331607150145,24.17495655581099,112,Laboral,Encendido
2026-04-14 18:00:00,16.52908209560376,17.52800017051246,23.51611041753394,64,Laboral,Encendido
2026-04-14 19:00:00,19.793610867191074,18.494412609989634,23.277751746071004,128,Laboral,Encendido
2026-04-14 20:00:00,4.95744986834294,5.0465586737065244,21.21086508834176,3,Laboral,Apagado
2026-04-14 21:00:00,9.279507773373844,10.505436914589632,19.38202504780809,0,Laboral,Apagado
2026-04-14 22:00:00,7.504147659406156,7.682500832921648,20.351745127580468,6,Laboral,Apagado
2026-04-14 23:00:00,10.827850984032736,11.06629375394457,17.273096114544092,0,Laboral,Apagado
2026-04-15 00:00:00,6.908112261348159,7.483184543040355,18.64044503920068,7,Laboral,Apagado
2026-04-15 01:00:00,9.592619475178914,9.968221861988686,15.806449422241121,4,Laboral,Apagado
2026-04-15 02:00:00,24.742028082219704,25.002115941731198,17.01724561849236,2,Laboral,Apagado
2026-04-15 03:00:00,9.971361319063659,11.072369453392088,16.837226553733778,7,Laboral,Apagado
2026-04-15 04:00:00,6.102468597268196,5.707302615792297,19.275451806412992,2,Laboral,Apagado
2026-04-15 05:00:00,10.309827489276476,9.809806862946282,16.258638413361542,5,Laboral,Apagado
2026-04-15 06:00:00,7.4455207071155804,8.540209673131104,16.473637892745025,0,Laboral,Apagado
2026-04-15 07:00:00,17.65702583895601,17.056504804166593,18.224587233072622,101,Laboral,Encendido
2026-04-15 08:00:00,12.725446417405841,11.700402282836938,18.61624490784503,22,Laboral,Encendido
2026-04-15 09:00:00,14.694328163822053,13.828213464304689,20.292285040701284,71,Laboral,Encendido
2026-04-15 10:00:00,14.157924492719536,16.085020085194905,22.540237354939656,126,Laboral,Encendido
2026-04-15 11:00:00,11.290038590566793,10.681171441348548,23.92637291480282,36,Laboral,Encendido
2026-04-15 12:00:00,14.259680266960935,14.729811252304287,25.819900655906686,43,Laboral,Encendido
2026-04-15 13:00:00,13.565377896607986,14.69759727479312,23.580092609242033,61,Laboral,Encendido
2026-04-15 14:00:00,23.589800024394478,21.382327245468016,28.029949867556873,81,Laboral,Encendido
2026-04-15 15:00:00,22.64883886739508,21.98260846798564,27.37862239658146,132,Laboral,Encendido
2026-04-15 16:00:00,14.075352335304878,15.255444583415812,24.619471145095954,58,Laboral,Encendido
2026-04-15 17:00:00,11.016284016955938,10.669224743650462,21.714397640223986,86,Laboral,Encendido
2026-04-15 18:00:00,12.586039283922332,12.443798314909067,23.72869235768466,81,Laboral,Encendido
2026-04-15 19:00:00,18.143299138456268,18.869980804048392,23.087009220362035,133,Laboral,Encendido
2026-04-15 20:00:00,7.265964100536183,7.99496566701026,19.27617752691904,5,Laboral,Apagado
2026-04-15 21:00:00,6.088536253353978,5.957900138233357,21.08859822908993,1,Laboral,Apagado
2026-04-15 22:00:00,8.555652959586684,8.048495671267831,19.724538704197858,6,Laboral,Apagado
2026-04-15 23:00:00,9.009203821261757,8.169007533907218,18.057146458660373,2,Laboral,Apagado
2026-04-16 00:00:00,9.442615939545513,9.14570377227096,18.923527912650375,5,Laboral,Apagado
2026-04-16 01:00:00,7.590793962285215,8.098386278922371,18.74231644101493,7,Laboral,Apagado
2026-04-16 02:00:00,9.338193015530212,10.535801337072382,16.552884024764893,4,Laboral,Apagado
2026-04-16 03:00:00,6.983086789757316,7.162957923619267,17.275375712655173,5,Laboral,Apagado
2026-04-16 04:00:00,8.821647153431384,8.263664028278466,16.350546454347768,0,Laboral,Apagado
2026-04-16 05:00:00,9.574675503704706,10.10083940767013,16.591971757035914,7,Laboral,Apagado
2026-04-16 06:00:00,7.167154643677817,6.623404214645759,18.2669689399378,7,Laboral,Apagado
2026-04-16 07:00:00,14.268340249574313,13.30459538268618,19.62810587088356,127,Laboral,Encendido
2026-04-16 08:00:00,11.861358652986553,11.087286042298647,19.288772389124308,45,Laboral,Encendido
2026-04-16 09:00:00,23.00875543808657,26.03636655638677,18.3435962860219,93,Laboral,Encendido
2026-04-16 10:00:00,19.414786544473674,20.48189882697592,22.73821799163114,142,Laboral,Encendido
2026-04-16 11:00:00,11.440665015009722,10.320063104871707,21.084130624078234,62,Laboral,
2026-04-16 12:00:00,15.650774100679289,17.725646922539013,23.974825472626748,81,Laboral,Encendido
2026-04-16 13:00:00,15.48595561528672,15.44529385546501,26.598933092607076,27,Laboral,Encendido
2026-04-16 14:00:00,11.973919480960483,11.274811793163607,24.8435078507902,25,Laboral,Encendido
2026-04-16 15:00:00,12.486475700822002,13.351230030022624,23.572299994409715,57,Laboral,Encendido
2026-04-16 16:00:00,6.715233568808656,6.904597532681529,23.110288449214362,20,Laboral,Encendido
2026-04-16 17:00:00,22.49897592181814,23.77602553366974,25.868655445550758,142,Laboral,Encendido
2026-04-16 18:00:00,8.539654004411826,8.627582862828167,23.80808893013139,30,Laboral,Encendido
2026-04-16 19:00:00,11.412228337286823,10.899940862643668,23.647686190330454,33,Laboral,Encendido
2026-04-16 20:00:00,9.142487916846212,8.240501425504014,23.14683833794164,0,Laboral,Apagado
2026-04-16 21:00:00,8.744813535508852,9.31427572949289,20.941197247393703,5,Laboral,Apagado
2026-04-16 22:00:00,6.126436168477785,6.252565067312664,19.594398733225063,3,Laboral,Apagado
2026-04-16 23:00:00,6.358982159310189,6.403478077531671,17.863182763379957,6,Laboral,Apagado
2026-04-17 00:00:00,6.661324639417638,7.026555033161582,14.472567156392616,3,Laboral,Apagado
2026-04-17 01:00:00,9.837663911014733,10.080930088606749,15.714297792108521,7,Laboral,Apagado
2026-04-17 02:00:00,9.36890748406145,10.579177318016265,17.05278448673565,5,Laboral,Apagado
2026-04-17 03:00:00,9.955815211602879,10.77866755522111,16.789685580443656,6,Laboral,Apagado
2026-04-17 04:00:00,8.73538255390746,9.888782302458809,17.620568542510366,5,Laboral,Apagado
2026-04-17 05:00:00,5.5936272121167905,5.360256366221098,17.383874179012686,0,Laboral,Apagado
2026-04-17 06:00:00,4.116163816301022,4.345054231509257,18.36280189022836,2,Laboral,Apagado
2026-04-17 07:00:00,15.019345631644972,16.92264989047436,19.94535854996888,53,Laboral,Encendido
2026-04-17 08:00:00,15.985822987116455,17.457694059225854,18.902669893294227,90,Laboral,Encendido
2026-04-17 09:00:00,16.901445375683963,16.856099245699596,20.655410521015245,67,Laboral,Encendido
2026-04-17 10:00:00,15.342893955207401,16.651097808333052,20.106620782234536,123,Laboral,Encendido
2026-04-17 11:00:00,18.528161433512665,19.380058402041026,24.167471345591764,135,Laboral,Encendido
2026-04-17 12:00:00,11.398944881218194,11.10541993449472,23.874528629868426,56,Laboral,Encendido
2026-04-17 13:00:00,16.46905608776559,17.858579578137746,25.051888179696064,74,Laboral,Encendido
2026-04-17 14:00:00,21.085439038411444,19.49886575926025,26.71468308547902,97,Laboral,Encendido
2026-04-17 15:00:00,15.106672643522156,13.965843101898392,26.295455014544707,60,Laboral,Encendido
2026-04-17 16:00:00,13.44568186972516,12.759329512990561,24.791701573533857,37,Laboral,Encendido
2026-04-17 17:00:00,10.893133931695878,10.215125320251703,25.40932402507344,39,Laboral,Encendido
2026-04-17 18:00:00,15.002529230706822,16.768080702498793,22.110382187203044,109,Laboral,Encendido
2026-04-17 19:00:00,,13.159406188967239,23.520691335607257,92,Laboral,Encendido
2026-04-17 20:00:00,5.495475722660302,6.281492291490802,22.201968270368653,5,Laboral,Apagado
2026-04-17 21:00:00,6.217389295613019,5.665214863196026,19.058077188965456,3,Laboral,Apagado
2026-04-17 22:00:00,6.948299504327102,6.3819883864875475,21.56950785311492,3,Laboral,Apagado
2026-04-17 23:00:00,13.988596481039067,14.060568577862169,18.155107388491864,4,Laboral,Apagado
2026-04-18 00:00:00,5.199141521502812,5.488704634395558,18.991447338920445,6,Fin de semana,Apagado
2026-04-18 01:00:00,7.872237680874978,8.328795519663396,17.03197646695389,4,Fin de semana,Apagado
2026-04-18 02:00:00,8.605888942818664,7.9867055165547045,18.328548162779054,0,Fin de semana,Apagado
2026-04-18 03:00:00,7.948050865896619,8.205296385513792,18.574714116199512,6,Fin de semana,Apagado
2026-04-18 04:00:00,10.768032576227766,10.184240210633945,16.14023732115896,0,Fin de semana,Apagado
2026-04-18 05:00:00,6.728243312853036,6.463561240753554,15.699419952207043,2,Fin de semana,Apagado
2026-04-18 06:00:00,9.34019784681635,8.985592667146062,18.013880815718665,5,Fin de semana,Apagado
2026-04-18 07:00:00,5.58600453421821,5.404275812478127,20.018699964432738,3,Fin de semana,Apagado
2026-04-18 08:00:00,8.568263287095338,9.570306698063659,19.519149224459436,2,Fin de semana,Apagado
2026-04-18 09:00:00,6.9294914664868195,7.628846192075924,20.263771699252267,0,Fin de semana,Apagado
2026-04-18 10:00:00,7.005056126206229,6.5749009694101614,22.62121488774926,4,Fin de semana,Apagado
2026-04-18 11:00:00,5.8867284014823,6.305778475391964,19.686179038315533,1,Fin de semana,Apagado
2026-04-18 12:00:00,3.214298858249072,3.077913318514215,23.030768436565722,2,Fin de semana,Apagado
2026-04-18 13:00:00,4.555361010731726,4.118527701918645,22.803546053332585,3,Fin de semana,Apagado
2026-04-18 14:00:00,9.10283322770129,8.342028044018702,25.217479749770927,7,Fin de semana,Apagado
2026-04-18 15:00:00,6.933065469995913,7.542738696849023,24.11650085103491,7,Fin de semana,Apagado
2026-04-18 16:00:00,7.963517901956989,8.515438055260315,23.525502115411044,1,Fin de semana,Apagado
2026-04-18 17:00:00,4.5463877618489095,4.693928428046747,24.039504206444118,2,Fin de semana,Apagado
2026-04-18 18:00:00,7.678251200664397,7.159839660654509,22.06633701823151,6,Fin de semana,Apagado
2026-04-18 19:00:00,8.332116513494533,9.166476787876807,22.98425150792685,2,Fin de semana,Apagado
2026-04-18 19:00:00,8.332116513494533,9.166476787876807,22.98425150792685,2,Fin de semana,Apagado
2026-04-18 20:00:00,2.740175250673766,2.815390515912587,,5,Fin de semana,Apagado
2026-04-18 21:00:00,7.458842819723297,7.7862080079453895,20.547097155868688,4,Fin de semana,Apagado
2026-04-18 22:00:00,10.925652302740502,12.068417890099655,19.104158103944695,4,Fin de semana,Apagado
2026-04-18 23:00:00,5.969822266153518,5.823586224545116,20.09471548102297,7,Fin de semana,Apagado
2026-04-19 00:00:00,9.554217175815397,9.34464805147365,18.04094845703861,3,Fin de semana,Apagado
2026-04-19 01:00:00,7.695423144070469,7.123607873326165,18.165312584053336,2,Fin de semana,Apagado
2026-04-19 02:00:00,9.604589402250912,9.445911411479036,17.712039111857116,5,Fin de semana,Apagado
2026-04-19 03:00:00,8.022097478188629,8.85169554998285,16.03261885575648,5,Fin de semana,Apagado
2026-04-19 04:00:00,6.4549672782377066,6.816773747171938,17.82026471298904,3,Fin de semana,Apagado
2026-04-19 05:00:00,7.1185690545772795,6.877341198245793,17.954828553952915,4,Fin de semana,Apagado
2026-04-19 06:00:00,7.185770947476734,6.960111542355957,18.54795115706635,6,Fin de semana,Apagado
2026-04-19 07:00:00,6.6121325440947905,7.026588511855573,18.521568062074607,4,Fin de semana,Apagado
2026-04-19 08:00:00,5.731734916679045,6.372252419828056,19.45251091073427,4,Fin de semana,Apagado
2026-04-19 09:00:00,8.249090071858447,8.267990273785195,21.94266237784573,3,Fin de semana,Apagado
2026-04-19 10:00:00,6.580042520041351,5.923521011574813,24.653627661048517,7,Fin de semana,Apagado
2026-04-19 11:00:00,3.8051954096789395,4.325571530854999,22.003847411659653,0,Fin de semana,Apagado
2026-04-19 12:00:00,5.780034855806917,6.477905642430728,24.46976497401499,6,Fin de semana,Apagado
2026-04-19 13:00:00,7.721025935880984,8.166430540713653,24.02459858124609,1,Fin de semana,Apagado
2026-04-19 14:00:00,3.5212245497936676,3.20549454895173,25.80553122431856,1,Fin de semana,Apagado
2026-04-19 15:00:00,8.769047804493939,8.877348809077791,25.52597596881776,6,Fin de semana,Apagado
2026-04-19 16:00:00,9.302138348094186,9.054852083528697,26.13585396446012,5,Fin de semana,Apagado
2026-04-19 17:00:00,8.614813526231021,7.935514179907002,21.110359901032254,0,Fin de semana,Apagado
2026-04-19 18:00:00,5.700103388921102,5.709621179728807,23.107127910766494,1,Fin de semana,Apagado
2026-04-19 19:00:00,4.753107438597215,4.882001091158504,21.81417773808215,2,Fin de semana,Apagado
2026-04-19 20:00:00,6.598174960826912,6.777225374407738,21.905690974814828,3,Fin de semana,Apagado
2026-04-19 21:00:00,7.131573496501689,6.918524172963746,20.131361062737945,2,Fin de semana,Apagado
2026-04-19 22:00:00,9.511644465438135,9.147567124503968,19.195553150542157,1,Fin de semana,Apagado
2026-04-19 23:00:00,7.279318033962959,8.03361603068088,19.818231784109983,4,Fin de semana,Apagado
2026-04-20 00:00:00,5.901828535362932,5.473192325665387,20.453886648533608,1,Laboral,Apagado
2026-04-20 01:00:00,6.790037489417463,7.009501798000418,14.14730170522858,2,Laboral,Apagado
2026-04-20 02:00:00,7.9838138386319795,8.296048910658076,16.763756686915606,4,Laboral,Apagado
2026-04-20 03:00:00,8.439952232514461,7.970460868400647,17.374464550283072,6,Laboral,Apagado
2026-04-20 04:00:00,10.248559128751927,9.281305020007501,17.141976414308346,3,Laboral,Apagado
2026-04-20 05:00:00,8.234824011420878,8.44635904297478,17.121736282562377,2,Laboral,Apagado
2026-04-20 06:00:00,10.962572417314059,11.34544073733206,16.5474118105653,5,Laboral,Apagado
2026-04-20 07:00:00,55.818628774949595,52.412339408854955,17.868793172028816,52,Laboral,Encendido
2026-04-20 08:00:00,19.031864655754223,17.150130330934303,20.834702187435276,146,Laboral,Encendido
2026-04-20 09:00:00,11.9993567411347,12.361925550506712,22.290914952367746,86,Laboral,Encendido
2026-04-20 10:00:00,11.674515707835848,10.559728561453657,22.151285680207238,74,Laboral,Encendido
2026-04-20 11:00:00,8.3625029502846,8.397793193746606,21.996593155942563,31,Laboral,Encendido
2026-04-20 12:00:00,17.294989413997403,18.894559725424713,23.943280288226,118,Laboral,Encendido
2026-04-20 13:00:00,15.853792565036168,17.615539071289735,24.17605388151054,69,Laboral,Encendido
2026-04-20 14:00:00,21.426270951022655,22.406043497868417,25.518428849236514,115,Laboral,Encendido
2026-04-20 15:00:00,14.952121267412354,15.715558376753714,25.1419589412217,37,Laboral,Encendido
2026-04-20 16:00:00,21.33460919604058,19.94350819257099,24.117555886199085,139,Laboral,Encendido
2026-04-20 17:00:00,11.410633845093768,11.708184003631965,24.692909293472617,36,Laboral,Encendido
2026-04-20 18:00:00,18.9738346505256,18.214208756013218,22.413141504314943,131,Laboral,Encendido
2026-04-20 19:00:00,11.670792992782166,12.911033844856398,23.984014302629088,57,Laboral,Encendido
2026-04-20 20:00:00,7.272027372458471,7.244984655134039,23.454078452605685,5,Laboral,Apagado
2026-04-20 21:00:00,5.646524169887561,5.96525648770712,19.58579511741291,1,Laboral,Apagado
2026-04-20 22:00:00,8.935630266993003,9.737492209775272,20.46998017753315,3,Laboral,Apagado
2026-04-20 23:00:00,3.4471439370740224,3.4795180545522633,17.810485289912826,7,Laboral,Apagado
2026-04-21 00:00:00,9.0399611668356,10.245228332844437,19.457594108188818,6,Laboral,Apagado
2026-04-21 01:00:00,8.888021490831617,9.173272759267636,18.620840726503072,0,Laboral,Apagado
2026-04-21 02:00:00,8.262593513623212,8.00018546588355,16.86008292091019,4,Laboral,Apagado
2026-04-21 03:00:00,8.521244381063434,9.497749717470953,18.19392045133185,5,Laboral,Apagado
2026-04-21 04:00:00,8.708771555513609,9.294427712768027,16.61898730759436,3,Laboral,Apagado
2026-04-21 05:00:00,10.524429184363846,9.505945028781175,16.76428658705989,2,Laboral,Apagado
2026-04-21 06:00:00,10.803354013457072,10.419918165571355,17.489109001746964,1,Laboral,Apagado
2026-04-21 07:00:00,11.574555218631533,12.609674658030174,18.830979036539194,23,Laboral,Encendido
2026-04-21 08:00:00,23.396482402339323,24.925553733889565,19.57662987121711,131,Laboral,Encendido
2026-04-21 09:00:00,17.168721987684048,17.506747674388375,21.18521398371308,127,Laboral,Encendido
2026-04-21 10:00:00,13.190989895124638,15.00782482077786,21.297205927367422,63,Laboral,Encendido
2026-04-21 11:00:00,12.227029645478549,12.044298144006211,23.91763532605336,37,Laboral,Encendido
2026-04-21 12:00:00,19.869401327352133,21.351607678570222,25.05359022571036,142,Laboral,Encendido
2026-04-21 13:00:00,16.835503915244523,16.629459305353656,23.869067300800786,91,Laboral,Encendido
2026-04-21 14:00:00,15.155786273834623,14.65965277307582,23.151093592799683,101,Laboral,Encendido
2026-04-21 15:00:00,17.355615029477487,16.537631303692628,25.868647882239358,63,Laboral,Encendido
2026-04-21 16:00:00,14.6342546471705,13.499109009520136,26.22997124235448,62,Laboral,Encendido
2026-04-21 17:00:00,10.882329536117982,10.137270811939246,24.268203542115966,62,Laboral,Encendido
2026-04-21 18:00:00,6.852776368210195,6.470637210286821,22.284606655815594,32,Laboral,Encendido
2026-04-21 19:00:00,13.880823873668017,13.529593582184464,23.320113101255718,71,Laboral,Encendido
2026-04-21 20:00:00,7.547676098591987,8.59987695627708,23.864877935219383,3,Laboral,Apagado
2026-04-21 21:00:00,8.314364173226409,7.808752484456857,18.74840808476341,5,Laboral,Apagado
2026-04-21 22:00:00,5.190272378811941,5.245051774388373,20.538234654380965,0,Laboral,Apagado
2026-04-21 23:00:00,9.348117683065015,8.866023026105694,18.623638553638546,7,Laboral,Apagado
2026-04-22 00:00:00,7.510893867006798,7.556226117395488,17.144764333995965,7,Laboral,Apagado
2026-04-22 01:00:00,7.360834260729083,6.6812790213906705,18.1337378380727,3,Laboral,Apagado
2026-04-22 02:00:00,10.6866292742436,10.347765532190737,15.577700834093651,5,Laboral,Apagado
2026-04-22 03:00:00,7.677738674488224,7.3949124765090595,17.356333651248228,2,Laboral,Apagado
2026-04-22 04:00:00,4.064185672182488,4.199109956425672,18.712207433654925,2,Laboral,Apagado
2026-04-22 05:00:00,9.10004748773631,8.21604427658995,17.747925603106,2,Laboral,Apagado
2026-04-22 06:00:00,8.148426013214523,8.336514878299331,17.119985961038445,3,Laboral,Apagado
2026-04-22 07:00:00,17.702560816301574,16.32326077528514,16.864829542973013,75,Laboral,Encendido
2026-04-22 08:00:00,15.03828401832276,16.803749970552353,18.42637400082169,31,Laboral,Encendido
2026-04-22 09:00:00,15.957439231166358,16.059115556350832,18.790533444125998,84,Laboral,Encendido
2026-04-22 10:00:00,20.66252453866508,22.54450901072832,23.95483509632647,126,Laboral,Encendido
2026-04-22 11:00:00,15.922130122607827,17.643620261278468,22.70061859888269,99,Laboral,
2026-04-22 12:00:00,22.28434371660288,21.814722284394723,22.574230289471874,122,Laboral,Encendido
2026-04-22 13:00:00,7.446097188052267,8.2011379373899,22.906251162323624,41,Laboral,Encendido
2026-04-22 14:00:00,20.51117989172704,21.25957811416652,23.583008927681405,138,Laboral,Encendido
2026-04-22 15:00:00,12.717614977599855,14.037618403574966,24.59698855383635,36,Laboral,Encendido
2026-04-22 16:00:00,21.67135619573649,23.838626904595053,23.324570567886337,136,Laboral,Encendido
2026-04-22 17:00:00,18.08275839720568,16.989695030337728,26.475670728286243,88,Laboral,Encendido
2026-04-22 18:00:00,14.699619148535325,15.63874953539087,22.93155985555692,98,Laboral,Encendido
2026-04-22 19:00:00,19.2755007123844,19.314797928943516,22.060900527558303,119,Laboral,Encendido
2026-04-22 20:00:00,5.476265399859355,4.967653638527666,22.404585983996633,1,Laboral,Apagado
2026-04-22 21:00:00,7.414474483613633,7.106364830795125,22.740701227436954,7,Laboral,Apagado
2026-04-22 22:00:00,6.075386896710813,5.7883703329578235,21.553495077660624,0,Laboral,Apagado
2026-04-22 23:00:00,8.695407344010382,9.027106087807939,18.4146168075975,7,Laboral,Apagado
2026-04-23 00:00:00,4.92816565564149,4.874673987018795,18.4780865021921,0,Laboral,Apagado
2026-04-23 01:00:00,7.210248752480885,6.808829591357678,17.71505292424433,6,Laboral,Apagado
2026-04-23 02:00:00,7.523930491353428,8.253789834030313,17.7721700846523,0,Laboral,Apagado
2026-04-23 03:00:00,8.3560899699668,7.861374596402955,17.3068455608264,4,Laboral,Apagado
2026-04-23 04:00:00,10.637238082093694,11.550310167032125,16.003702635526718,4,Laboral,Apagado
2026-04-23 05:00:00,9.662021859974,10.413485276746878,16.02367023960152,5,Laboral,Apagado
2026-04-23 06:00:00,8.693370306586175,8.201966987244841,18.382359531785553,3,Laboral,Apagado
2026-04-23 07:00:00,20.566359015146876,22.0924374913967,17.579754259708192,109,Laboral,Encendido
2026-04-23 08:00:00,11.037310556373473,11.838309881563633,21.60059188586919,26,Laboral,Encendido
2026-04-23 09:00:00,17.65021649014814,18.85759041290936,21.047915774005123,130,Laboral,Encendido
2026-04-23 10:00:00,11.008104451593063,12.553358331400664,20.80398310515539,43,Laboral,Encendido
2026-04-23 11:00:00,7.683888519561467,8.703246140618191,22.614038177571977,41,Laboral,Encendido
2026-04-23 12:00:00,10.398477763496336,10.518397480681276,23.219658377245125,55,Laboral,Encendido
2026-04-23 13:00:00,21.039389116350602,20.58459884867335,24.306613830340613,122,Laboral,Encendido
2026-04-23 14:00:00,21.9162516245641,20.345944502657254,25.998721924735776,129,Laboral,Encendido
2026-04-23 15:00:00,9.900571040305866,9.720576220344592,23.266686481092936,65,Laboral,Encendido
2026-04-23 16:00:00,9.65913402700344,10.261679332357291,22.622611222854218,34,Laboral,Encendido
2026-04-23 17:00:00,17.003775547146645,18.85135475163386,24.869762758760167,92,Laboral,Encendido
2026-04-23 18:00:00,16.797139528177308,15.734376917925182,23.615687683956615,123,Laboral,Encendido
2026-04-23 19:00:00,11.146419188455862,11.481049159622644,23.195870045705206,36,Laboral,Encendido
2026-04-23 20:00:00,5.903706427083841,5.544564065485272,22.568732024154485,2,Laboral,Apagado
2026-04-23 21:00:00,6.474636978975193,7.242457059587356,20.782741947108367,0,Laboral,Apagado
2026-04-23 22:00:00,8.278957571799936,9.340095324075431,20.924351503981395,2,Laboral,Apagado
2026-04-23 23:00:00,6.627540678163511,6.105181024189446,17.928398176055815,2,Laboral,Apagado
2026-04-24 00:00:00,9.459276488694478,8.703378317106605,18.248825988368253,1,Laboral,encendido 
2026-04-24 01:00:00,7.606630370799984,8.434561283011968,16.538983973582145,0,Laboral,Apagado
2026-04-24 02:00:00,7.919498961592629,7.99314412129348,15.780409892732361,0,Laboral,Apagado
2026-04-24 03:00:00,10.305230262020048,10.20511418242188,17.738538691160418,4,Laboral,Apagado
2026-04-24 04:00:00,8.368026740841401,9.588521117433022,17.819160465189977,1,Laboral,Apagado
2026-04-24 05:00:00,7.87304594418204,8.869983656914657,15.205522287908103,0,Laboral,Apagado
2026-04-24 06:00:00,7.855608183847621,7.542603377601818,16.82517378534776,1,Laboral,Apagado
2026-04-24 07:00:00,19.907081518209903,19.21769934462405,19.35038119601994,118,Laboral,Encendido
2026-04-24 08:00:00,7.169097678104035,8.108939047261028,21.24900227310144,33,Laboral,Encendido
2026-04-24 09:00:00,14.83299373845397,16.80146658389492,20.200847613933803,63,Laboral,Encendido
2026-04-24 10:00:00,12.122123233559266,12.246906490237881,21.814704035955177,66,Laboral,Encendido
2026-04-24 11:00:00,8.83539280258238,8.876702583512003,21.303984053452382,49,Laboral,Encendido
2026-04-24 12:00:00,12.404740022955924,13.593743236899144,26.841400784470704,31,Laboral,Encendido
2026-04-24 13:00:00,14.387531029060467,13.415412307126205,25.034247031303362,39,Laboral,Encendido
2026-04-24 14:00:00,18.212526814337796,17.807783690412144,25.937239034100237,113,Laboral,Encendido
2026-04-24 15:00:00,20.22328453967903,18.602202472666946,25.789625045244033,69,Laboral,Encendido
2026-04-24 16:00:00,18.43558689021482,17.316471389847038,25.98359569398616,111,Laboral,Encendido
2026-04-24 17:00:00,17.33569733644066,16.20054059184766,25.19380109850954,83,Laboral,Encendido
2026-04-24 18:00:00,6.828779168526771,6.7054097642984125,23.426202074470883,43,Laboral,Encendido
2026-04-24 19:00:00,17.651902765826925,19.213424835163348,23.892815882633744,108,Laboral,Encendido
2026-04-24 20:00:00,5.17739776929009,5.863315828527489,22.13024410273574,1,Laboral,Apagado
2026-04-24 21:00:00,7.056020223971139,6.694534491661032,22.555891273669452,0,Laboral,Apagado
2026-04-24 22:00:00,7.441534643698129,7.027213997352379,19.082066409066865,0,Laboral,Apagado
2026-04-24 23:00:00,7.312892501798633,7.581619476736749,18.350487313186957,6,Laboral,Apagado
2026-04-25 00:00:00,11.54110117963097,12.315616582955531,18.9649579325345,6,Fin de semana,Apagado
2026-04-25 01:00:00,9.107131159810857,9.956597005224701,19.071472906074117,7,Fin de semana,Apagado
2026-04-25 02:00:00,6.719463515909861,6.956343455334981,17.310490292377636,3,Fin de semana,Apagado
2026-04-25 03:00:00,9.199704577114725,10.339073582634123,16.144966703274836,4,Fin de semana,Apagado
2026-04-25 04:00:00,3.0534214416399363,2.8742424550691643,16.993549648310303,4,Fin de semana,Apagado
2026-04-25 05:00:00,7.029911040186303,7.145546724052608,16.93802948998597,2,Fin de semana,Apagado
2026-04-25 06:00:00,9.231954453002304,8.616952198053555,20.447777971335185,5,Fin de semana,Apagado
2026-04-25 07:00:00,5.774642434781634,6.613738429213673,20.078450979572857,1,Fin de semana,Apagado
2026-04-25 08:00:00,7.03122778423573,8.062840839016925,21.48205542031625,7,Fin de semana,Apagado
2026-04-25 09:00:00,4.6509565611639765,4.913173393266192,21.36185369168084,6,Fin de semana,Apagado
2026-04-25 10:00:00,8.132877956047711,8.9660416554848,21.369128545303724,6,Fin de semana,Apagado
2026-04-25 11:00:00,7.162945650379733,7.467008650129069,24.40791637345012,1,Fin de semana,Apagado
2026-04-25 12:00:00,7.579686110369786,8.635952594851371,25.813166565065952,2,Fin de semana,Apagado
2026-04-25 13:00:00,9.280336903779903,10.143610181787237,25.16245277132131,5,Fin de semana,Apagado
2026-04-25 14:00:00,10.145997888422905,10.45284957388089,24.83460052254235,2,Fin de semana,Apagado
2026-04-25 15:00:00,9.37783083222667,9.533995667684064,26.29716853623386,4,Fin de semana,Apagado
2026-04-25 16:00:00,4.280467954469861,4.60140836634609,24.418365483713412,6,Fin de semana,Apagado
2026-04-25 17:00:00,8.47898719042503,7.947929438495994,25.381550319789014,6,Fin de semana,Apagado
2026-04-25 18:00:00,7.399797847703882,7.435776898020877,22.97452606518155,7,Fin de semana,Apagado
2026-04-25 19:00:00,4.100840523284588,3.7769857068678014,21.835560933241585,2,Fin de semana,Apagado
2026-04-25 20:00:00,3.8259095847073654,3.8293789398792786,22.715010036300132,6,Fin de semana,Apagado
2026-04-25 21:00:00,5.586728777576236,6.303359708117619,21.405516250108843,2,Fin de semana,Apagado
2026-04-25 22:00:00,6.006622980218982,6.163624647402168,22.249891468800286,6,Fin de semana,Apagado
2026-04-25 23:00:00,7.7005281768916864,8.338848691003108,18.663871522622493,7,Fin de semana,Apagado
2026-04-26 00:00:00,6.227901369840877,5.744574115130187,18.199709941016884,2,Fin de semana,Apagado
2026-04-26 01:00:00,8.879206313175759,8.09147291729716,16.16797120649187,5,Fin de semana,Apagado
2026-04-26 02:00:00,9.705776043770918,9.253278375642166,14.89316040804071,6,Fin de semana,Apagado
2026-04-26 03:00:00,8.30632006094638,9.133509934788625,14.863021938638807,2,Fin de semana,Apagado
2026-04-26 04:00:00,8.337150940695071,7.958284450845345,17.69202615588274,1,Fin de semana,Apagado
2026-04-26 05:00:00,7.10211315413062,6.649875414187064,16.12393147699846,0,Fin de semana,Apagado
2026-04-26 06:00:00,4.378990184425332,4.745053956933123,19.523717230783745,4,Fin de semana,Apagado
2026-04-26 07:00:00,6.648621020579869,6.931940345931995,20.706720150902377,3,Fin de semana,encendido 
2026-04-26 08:00:00,8.571758790790245,8.063348109752294,19.622239615144146,2,Fin de semana,Apagado
2026-04-26 09:00:00,11.128382442900865,11.429477388004482,22.990109739926876,0,Fin de semana,Apagado
2026-04-26 10:00:00,2.723297541167916,2.6097320796621126,22.3079157923343,6,Fin de semana,Apagado
2026-04-26 11:00:00,6.246455056642345,6.216108437511169,24.349945498727614,4,Fin de semana,Apagado
2026-04-26 12:00:00,5.363977918731091,5.531466796190485,23.557579515440768,5,Fin de semana,Apagado
2026-04-26 13:00:00,8.126690112280857,9.289346232741298,25.615106598625488,4,Fin de semana,Apagado
2026-04-26 14:00:00,5.519174397848449,5.495312964841781,23.731722685740063,6,Fin de semana,Apagado
2026-04-26 15:00:00,7.649892261818984,7.173006369289259,25.747218988319805,1,Fin de semana,Apagado
2026-04-26 16:00:00,8.921628529278948,9.523179426692723,24.312642849210523,4,Fin de semana,Apagado
2026-04-26 17:00:00,5.6127318506570925,6.23964059223037,24.307429858716375,2,Fin de semana,Apagado
2026-04-26 18:00:00,7.388247489712884,8.167684286452623,24.586489405542466,7,Fin de semana,Apagado
2026-04-26 19:00:00,9.719541973902881,9.367818625533843,23.207254041164692,5,Fin de semana,Apagado
2026-04-26 20:00:00,7.77997620119795,8.752205820620322,21.946026219785107,3,Fin de semana,Apagado
2026-04-26 21:00:00,3.2128066545971374,2.9992958279080746,21.873334989063125,2,Fin de semana,Apagado
2026-04-26 22:00:00,10.223307759233432,9.545187560039745,20.92857131304094,2,Fin de semana,Apagado
2026-04-26 23:00:00,7.009466154138233,7.6413764034583656,17.337991536244036,6,Fin de semana,Apagado
2026-04-27 00:00:00,7.843864808970785,8.460517535646641,18.842306114147686,2,Laboral,Apagado
2026-04-27 01:00:00,6.9276084366740855,7.137373662208039,18.341099651368065,4,Laboral,Apagado
2026-04-27 02:00:00,7.485429023915589,8.044698762892137,16.23423336129445,2,Laboral,Apagado
2026-04-27 03:00:00,6.6742767748504335,6.482614971730126,17.462960975243174,3,Laboral,Apagado
2026-04-27 04:00:00,9.597265307825586,10.897350278420445,15.547216638135591,1,Laboral,Apagado
2026-04-27 05:00:00,5.836824839215798,5.84002072180041,19.263087308017752,3,Laboral,Apagado
2026-04-27 06:00:00,5.315590289272755,5.809526137080964,17.886387747036807,1,Laboral,Apagado
2026-04-27 07:00:00,18.728110567685068,21.005782018742696,18.905727663964196,116,Laboral,Encendido
2026-04-27 08:00:00,11.696677868387146,12.018614806614751,21.401594173084078,57,Laboral,Encendido
2026-04-27 09:00:00,15.46863032184465,13.933158101653497,20.82871071900287,132,Laboral,Encendido
2026-04-27 10:00:00,13.297607821541156,14.533563193460333,22.75394151924138,57,Laboral,Encendido
2026-04-27 11:00:00,14.532846636978231,16.53863365814754,21.743119628559004,107,Laboral,Encendido
2026-04-27 12:00:00,12.792925846312357,12.231819233522794,23.144721335603123,48,Laboral,Encendido
2026-04-27 13:00:00,22.59282699179297,25.893283920147436,22.793152755385176,148,Laboral,Encendido
2026-04-27 14:00:00,17.095105102185737,15.620928739983055,24.61388173951449,86,Laboral,Encendido
2026-04-27 15:00:00,20.987824781464575,22.715562022763887,26.237242513761302,105,Laboral,Encendido
2026-04-27 16:00:00,18.89988460239992,21.332358338084806,25.132033126441975,115,Laboral,Encendido
2026-04-27 17:00:00,19.38703493303987,22.08494277124092,25.525234772444808,120,Laboral,Encendido
2026-04-27 18:00:00,10.272017174162883,9.336818463591918,22.596977925402012,79,Laboral,Encendido
2026-04-27 19:00:00,15.35538475336014,17.37983584916445,21.94012713933786,108,Laboral,Encendido
2026-04-27 20:00:00,5.225996723451368,5.669400439619379,21.476624375612765,1,Laboral,Apagado
2026-04-27 21:00:00,1.9568646679353217,2.178492198331462,21.68708751275499,2,Laboral,Apagado
2026-04-27 22:00:00,7.5679082294256625,7.918887771567718,20.392438174945788,6,Laboral,Apagado
2026-04-27 23:00:00,10.441975602503577,9.988642887688515,18.981653027577476,7,Laboral,Apagado
2026-04-28 00:00:00,8.459159930388543,8.998517331641253,18.918728088501386,7,Laboral,Apagado
2026-04-28 01:00:00,9.978794810374499,10.793960741064632,17.35422026752521,2,Laboral,Apagado
2026-04-28 02:00:00,7.678138679078489,7.442420631978942,17.11046733154215,4,Laboral,Apagado
2026-04-28 03:00:00,5.773209597301416,5.954749784059086,18.565801795148214,4,Laboral,Apagado
2026-04-28 04:00:00,8.269878322010548,9.115458595841158,16.432774257139528,1,Laboral,Apagado
2026-04-28 05:00:00,7.291930346466475,7.977419180624543,17.755115748758406,4,Laboral,Apagado
2026-04-28 06:00:00,5.236825620436491,5.194789176900617,20.105906645940767,7,Laboral,Apagado
2026-04-28 07:00:00,20.12339226031086,21.645926497951727,19.12228564260307,102,Laboral,Encendido
2026-04-28 08:00:00,15.722215370186017,17.613422388184702,20.81258799261837,91,Laboral,Encendido
2026-04-28 09:00:00,12.313097909657222,13.714876224332436,20.271981863737377,63,Laboral,Encendido
2026-04-28 10:00:00,13.8465588980783,12.730806838859591,24.383100641664836,55,Laboral,Encendido
2026-04-28 11:00:00,12.835582310009448,12.55842382934188,20.300442537076762,59,Laboral,Encendido
2026-04-28 12:00:00,12.680087516111412,12.239549756958224,22.467240679265764,57,Laboral,Encendido
2026-04-28 13:00:00,20.735971602493382,21.060611353926127,23.199488641000833,118,Laboral,Encendido
2026-04-28 14:00:00,13.881306004912116,13.164434678844882,26.807467544964553,42,Laboral,Encendido
2026-04-28 15:00:00,15.194497953731483,14.30563374319009,25.42297735749249,85,Laboral,Encendido
2026-04-28 16:00:00,21.472475430163648,23.392167726584024,24.548910926329714,114,Laboral,Encendido
2026-04-28 17:00:00,19.267550690071058,19.452426194789478,22.92599211122114,89,Laboral,Encendido
2026-04-28 18:00:00,19.475303550016985,18.739867026940043,24.26538197622719,135,Laboral,Encendido
2026-04-28 19:00:00,10.581676645814834,9.914280804881033,23.136840535160637,56,Laboral,Encendido
2026-04-28 20:00:00,4.259750142517305,4.198788039554031,21.203712896700036,2,Laboral,Apagado
2026-04-28 21:00:00,7.082102239123799,7.801525886247024,19.210167415922427,1,Laboral,Apagado
2026-04-28 22:00:00,7.779391577789932,8.203127367215707,18.64141454870604,4,Laboral,Apagado
2026-04-28 23:00:00,6.79069174543108,7.502568720306428,19.25609534944403,3,Laboral,Apagado
2026-04-29 00:00:00,9.401762595325911,10.331243228765477,18.54478582281451,7,Laboral,Apagado
2026-04-29 01:00:00,6.600246568563305,7.576335439589549,17.62367069743777,5,Laboral,Apagado
2026-04-29 02:00:00,7.439645109093641,6.762010017024213,16.954394562969792,7,Laboral,Apagado
2026-04-29 03:00:00,6.962547168452247,7.495058652301769,14.877515646531645,6,Laboral,Apagado
2026-04-29 04:00:00,10.461786759479695,9.939099453357708,17.19482087978249,2,Laboral,Apagado
2026-04-29 05:00:00,10.608698320292522,10.166947498774402,16.296856458852577,6,Laboral,Apagado
2026-04-29 06:00:00,9.924968729487585,9.12835548848681,18.2217206342617,2,Laboral,Apagado
2026-04-29 07:00:00,19.89159949905607,21.663753938980573,19.55806071105033,142,Laboral,Encendido
2026-04-29 08:00:00,18.679554801490102,17.02194000964356,19.153793218602114,80,Laboral,Encendido
2026-04-29 09:00:00,12.697366442423142,13.220602749309096,19.772315308078085,42,Laboral,Encendido
2026-04-29 10:00:00,16.327569868540916,15.44558975614546,23.22760955844941,86,Laboral,Encendido
2026-04-29 11:00:00,20.074479888397242,21.909910943385622,23.42215662490939,128,Laboral,Encendido
2026-04-29 12:00:00,13.114353660160504,12.864749354471249,23.064476391031274,73,Laboral,Encendido
2026-04-29 13:00:00,17.60734263849709,16.136533288797793,20.8637222436855,119,Laboral,Encendido
2026-04-29 14:00:00,13.560656074161617,15.374988969358531,24.804752760516294,81,Laboral,Encendido
2026-04-29 15:00:00,18.997770167506932,18.213443317353544,25.75496582294817,110,Laboral,Encendido
2026-04-29 16:00:00,18.906033307651473,18.982661479428327,26.20957158194713,97,Laboral,Encendido
2026-04-29 17:00:00,10.733092768216757,10.142808317243444,23.650670389354772,56,Laboral,Encendido
2026-04-29 18:00:00,11.704495391171541,11.139072546775921,23.056790203901222,49,Laboral,Encendido
2026-04-29 19:00:00,11.64798507233768,11.809048545733088,22.468511928001043,32,Laboral,Encendido
2026-04-29 20:00:00,5.741370822536756,5.233967557181212,23.040782380203684,3,Laboral,Apagado
2026-04-29 21:00:00,5.331352583610094,4.8104164742260105,19.590338368351905,2,Laboral,Apagado
2026-04-29 22:00:00,5.8013626548742385,6.076619154382167,19.8292715406114,6,Laboral,Apagado
2026-04-29 23:00:00,8.23970088755523,8.172057106813565,17.889106550479248,4,Laboral,Apagado
2026-04-30 00:00:00,10.716395118027604,12.199112168681834,18.493831063392445,3,Laboral,Apagado
2026-04-30 01:00:00,8.873011301771735,10.115573471188693,15.670276757965869,2,Laboral,Apagado
2026-04-30 02:00:00,8.299018424893589,7.484710849755368,17.587688932927083,6,Laboral,Apagado
2026-04-30 03:00:00,5.88575640122658,6.195282419618454,16.404023704191783,0,Laboral,Apagado
2026-04-30 04:00:00,9.074618622188,8.761364665352799,16.867450727880176,6,Laboral,Apagado
2026-04-30 05:00:00,8.563079130047683,7.867094848704752,18.166803445398934,0,Laboral,Apagado
2026-04-30 06:00:00,6.449968066116541,6.987059662310871,19.544149048308643,3,Laboral,Apagado
2026-04-30 07:00:00,17.12472146952507,17.134665960650004,16.963615598771657,63,Laboral,Encendido
2026-04-30 08:00:00,14.870693669241907,14.40661475917509,21.168989905005372,102,Laboral,Encendido
2026-04-30 09:00:00,19.076415939531476,19.418576286754806,21.669787203546978,127,Laboral,Encendido
2026-04-30 10:00:00,19.511832428343002,18.346748834510702,21.681645904866695,120,Laboral,Encendido
2026-04-30 11:00:00,22.735528184603844,24.210732972654494,24.6847994154501,146,Laboral,Encendido
2026-04-30 12:00:00,12.196278391731056,11.999122534583629,24.054807395917205,34,Laboral,Encendido
2026-04-30 13:00:00,21.90625221569709,24.906701558460913,26.016225780040305,127,Laboral,Encendido
2026-04-30 14:00:00,17.889479010240255,18.837901903669227,24.152355757800777,119,Laboral,Encendido
2026-04-30 15:00:00,8.71328478439425,9.599304072668836,23.959936282413224,22,Laboral,Encendido
2026-04-30 16:00:00,23.324898829576227,26.54024978338201,26.333291840876043,148,Laboral,Encendido
2026-04-30 17:00:00,14.439588869181419,13.316240549643172,27.061228091151467,30,Laboral,Encendido
2026-04-30 18:00:00,21.941467630573047,24.070850213050743,24.588969437159243,146,Laboral,Encendido
2026-04-30 19:00:00,19.59914908307745,19.693342248837343,24.069421713776915,106,Laboral,Encendido
2026-04-30 20:00:00,7.769087602383209,7.932762536864396,21.466598206218983,3,Laboral,Apagado
2026-04-30 21:00:00,10.080381712885892,10.529494394906164,19.40979887070214,5,Laboral,Apagado
2026-04-30 22:00:00,8.877116016549078,9.361042375494767,19.693560951597867,7,Laboral,Apagado
2026-04-30 23:00:00,6.532588660312757,7.262318752438676,20.800382552999448,6,Laboral,Apagado
2026-05-01 00:00:00,8.835007121687383,8.37215541181525,,4,Laboral,Apagado
2026-05-01 01:00:00,5.094032398920451,5.361360444020988,16.94150570809036,1,Laboral,Apagado
2026-05-01 02:00:00,12.079311667813585,12.989737154341432,14.838848402058591,4,Laboral,Apagado
2026-05-01 03:00:00,7.069874284800178,6.999101253853666,17.12992305301495,3,Laboral,Apagado
2026-05-01 04:00:00,7.15675554724719,6.665003299925307,18.18539006392126,5,Laboral,Apagado
2026-05-01 05:00:00,11.979916411616939,13.488931355559087,16.044619934394326,5,Laboral,Apagado
2026-05-01 06:00:00,6.2496440223538015,5.706599440639853,17.680302923190442,6,Laboral,Apagado
2026-05-01 07:00:00,17.933712934075142,18.934006050115148,20.590896305321106,128,Laboral,Encendido
2026-05-01 08:00:00,11.454330459172983,11.9983455306519,19.858563817855764,36,Laboral,Encendido
2026-05-01 09:00:00,14.777212466331706,15.63605860288098,19.512903556234946,79,Laboral,Encendido
2026-05-01 10:00:00,11.163727962866847,12.667006201063247,20.45576340750854,37,Laboral,Encendido
2026-05-01 11:00:00,20.484302097202683,23.399587343114273,20.5824230004736,139,Laboral,Encendido
2026-05-01 12:00:00,20.94592810439285,20.010170742389565,24.75638073489554,120,Laboral,Encendido
2026-05-01 13:00:00,18.579470247249066,20.016903862488828,23.56875530906662,123,Laboral,Encendido
2026-05-01 14:00:00,18.41784521396074,20.241438317533706,26.124519994770385,74,Laboral,Encendido
2026-05-01 15:00:00,14.955088599061574,15.321352414001053,26.040434722672046,57,Laboral,Encendido
2026-05-01 16:00:00,18.62008700737564,20.012904895315597,24.071667602808855,103,Laboral,Encendido
2026-05-01 17:00:00,20.27076314628298,18.35949822585701,23.830557010924807,113,Laboral,Encendido
2026-05-01 18:00:00,9.428534321491123,9.518380601010547,24.762788176240782,39,Laboral,Encendido
2026-05-01 19:00:00,16.324935935388716,16.409982922047973,23.17931323555839,105,Laboral,Encendido
2026-05-01 20:00:00,6.890768371052938,7.517102334469509,22.35667155502507,5,Laboral,Apagado
2026-05-01 21:00:00,3.921955667475861,3.808647825614531,19.023491586599295,2,Laboral,Apagado
2026-05-01 22:00:00,1.5080152156414188,1.7039059840774597,21.041978333894992,7,Laboral,Apagado
2026-05-01 23:00:00,8.19072807493873,8.81706243258719,17.949609116362314,1,Laboral,Apagado
2026-05-02 00:00:00,7.796758902188649,8.449201853297284,15.44816764151544,5,Fin de semana,Apagado
2026-05-02 01:00:00,9.750231822109589,11.053117345961462,16.795588081012696,4,Fin de semana,Apagado
2026-05-02 02:00:00,8.091520089351244,8.322181097143284,17.642692183847117,5,Fin de semana,Apagado
2026-05-02 03:00:00,7.004805089424802,7.188154622490929,,1,Fin de semana,Apagado
2026-05-02 04:00:00,7.399275550218043,6.681936141031566,16.688904985729014,0,Fin de semana,Apagado
2026-05-02 05:00:00,8.768484906722069,8.08264257946748,15.940160455271755,3,Fin de semana,Apagado
2026-05-02 06:00:00,5.121234969319152,5.623158517895172,20.719741205794808,3,Fin de semana,Apagado
2026-05-02 07:00:00,6.592719691338697,6.930904018752541,19.192285537670358,5,Fin de semana,Apagado
2026-05-02 08:00:00,8.564060607694648,9.30463246592576,19.6513166594159,3,Fin de semana,Apagado
2026-05-02 09:00:00,6.7706131966641125,6.828270357712918,19.708815672757066,4,Fin de semana,Apagado
2026-05-02 10:00:00,7.338389807731822,6.895810852251346,20.830502589939645,0,Fin de semana,Apagado
2026-05-02 11:00:00,7.663272058854116,7.10894522372499,24.774407210939152,7,Fin de semana,Apagado
2026-05-02 12:00:00,6.584580420720905,7.462171754260226,23.50359816449181,7,Fin de semana,Apagado
2026-05-02 13:00:00,5.221586661798969,5.662967738916776,23.818731053025328,3,Fin de semana,Apagado
2026-05-02 14:00:00,8.806581863897831,8.243030787160697,24.251807966282485,5,Fin de semana,Apagado
2026-05-02 15:00:00,6.735120862748967,6.545128918293953,26.881438975714033,4,Fin de semana,Apagado
2026-05-02 16:00:00,7.571258420783688,7.14421902856994,24.156406891120383,1,Fin de semana,Apagado
2026-05-02 17:00:00,4.974468375549795,4.874684076863168,25.21789313302024,6,Fin de semana,Apagado
2026-05-02 18:00:00,7.833870722080416,8.262311121219241,24.147797404465088,6,Fin de semana,Apagado
2026-05-02 19:00:00,7.525442862488211,7.559565356881255,23.28711904006459,4,Fin de semana,Apagado
2026-05-02 20:00:00,5.229492813224331,5.7980078934744474,20.982574647949782,0,Fin de semana,Apagado
2026-05-02 21:00:00,3.4361925584298527,3.1431997342855866,21.79026508556866,3,Fin de semana,Apagado
2026-05-02 22:00:00,5.740147370284685,5.215590240050793,21.895082238082438,0,Fin de semana,Apagado
2026-05-02 23:00:00,7.434102871051197,8.15476397500006,18.937379649594092,1,Fin de semana,Apagado
2026-05-03 00:00:00,7.033611120599557,7.803744705447781,17.067877957961933,1,Fin de semana,Apagado
2026-05-03 01:00:00,7.0844758472808005,7.535346565670443,15.98624996297007,0,Fin de semana,Apagado
2026-05-03 02:00:00,9.572206640941648,9.165782404839815,17.365157706918843,2,Fin de semana,Apagado
2026-05-03 03:00:00,7.830906622966231,8.22134433610982,16.673619139585718,0,Fin de semana,Apagado
2026-05-03 04:00:00,7.515883233515387,6.926968108926449,17.01104783731565,4,Fin de semana,Apagado
2026-05-03 05:00:00,9.38499393565186,9.671410394861242,17.55009260836102,2,Fin de semana,Apagado
2026-05-03 06:00:00,8.731039820537447,8.832256294312826,16.400837686468613,7,Fin de semana,Apagado
2026-05-03 07:00:00,5.9746146146695,5.489753091360011,19.93778226847949,5,Fin de semana,Apagado
2026-05-03 08:00:00,8.392320461945822,9.131587815008267,20.245905485866036,2,Fin de semana,Apagado
2026-05-03 09:00:00,6.385593371168439,7.224438596449051,20.910460651277347,7,Fin de semana,Apagado
2026-05-03 10:00:00,8.383640693787036,7.817025729062751,22.313504817013825,7,Fin de semana,Apagado
2026-05-03 11:00:00,5.949254683147039,6.649462657559498,24.11137146548453,4,Fin de semana,Apagado
2026-05-03 12:00:00,7.465903462193269,6.84041183590264,23.892536695025466,2,Fin de semana,Apagado
2026-05-03 13:00:00,9.014597384285013,9.739973294819698,23.443820878389896,3,Fin de semana,Apagado
2026-05-03 14:00:00,8.796647654053658,9.75777474632661,26.26318308033968,4,Fin de semana,Apagado
2026-05-03 15:00:00,7.920365155559163,8.141916211967557,24.480011384749336,1,Fin de semana,Apagado
2026-05-03 16:00:00,7.5503157978390005,8.325412597248954,23.99313928405191,0,Fin de semana,Apagado
2026-05-03 17:00:00,8.010592111541525,9.080453679677197,22.58970660079576,3,Fin de semana,Apagado
2026-05-03 18:00:00,6.926537001344452,7.187205795797886,23.837925129964486,1,Fin de semana,Apagado
2026-05-03 19:00:00,7.061290364113151,7.411061339001506,21.742827567769023,2,Fin de semana,Apagado
2026-05-03 20:00:00,6.071503404729732,6.864659040536713,21.412316577873593,3,Fin de semana,Apagado
2026-05-03 21:00:00,9.874856734634982,9.586255371588564,21.5391449301866,3,Fin de semana,Apagado
2026-05-03 22:00:00,5.549334918519908,5.995215618795847,20.004647676533846,4,Fin de semana,Apagado
2026-05-03 23:00:00,8.680769711655483,9.356815722364285,20.219544673221634,6,Fin de semana,Apagado
2026-05-04 00:00:00,6.018917611708244,6.418360806540113,18.537737630176924,5,Laboral,Apagado
2026-05-04 01:00:00,8.93948583682683,9.527376609735034,17.051223846614118,1,Laboral,Apagado
2026-05-04 02:00:00,10.442336354452516,10.043295431734665,16.74065340121335,1,Laboral,Apagado
2026-05-04 03:00:00,6.825190700670121,7.672869496260608,16.391151237393288,7,Laboral,Apagado
2026-05-04 04:00:00,10.95803838219354,11.565550279994602,17.911942235241177,3,Laboral,Apagado
2026-05-04 05:00:00,6.52234935599598,6.40558664968306,17.561658053745685,6,Laboral,Apagado
2026-05-04 06:00:00,6.816808710479281,6.466818984189522,17.67846836850374,7,Laboral,Apagado
2026-05-04 07:00:00,12.883878290920284,13.9354063976327,20.01390773720608,46,Laboral,Encendido
2026-05-04 08:00:00,11.178896523682354,10.115413265005408,20.080267035295215,56,Laboral,Encendido
2026-05-04 09:00:00,13.31162877010153,13.746951744637647,20.441357601567216,43,Laboral,Encendido
2026-05-04 10:00:00,19.884962913791266,18.917262506774378,20.220399382665057,123,Laboral,Encendido
2026-05-04 11:00:00,6.14836468037169,6.939510658878781,23.52496621435759,37,Laboral,Encendido
2026-05-04 12:00:00,11.89243443349558,12.834348777717544,24.114877479567213,68,Laboral,Encendido
2026-05-04 13:00:00,13.954313564214019,14.117263028437025,24.525699079462207,72,Laboral,Encendido
2026-05-04 14:00:00,18.839647905675115,19.83128099298026,24.342824026136793,106,Laboral,Encendido
2026-05-04 15:00:00,10.86387560236214,11.092195906764564,23.999817267254386,51,Laboral,Encendido
2026-05-04 16:00:00,15.644526913489315,14.34469310291066,24.591665778034525,90,Laboral,Encendido
2026-05-04 17:00:00,13.785578953491106,13.862386026240292,24.741812909379142,41,Laboral,Encendido
2026-05-04 18:00:00,18.29209019451027,19.28382168354532,23.675006076253393,136,Laboral,Encendido
2026-05-04 19:00:00,20.91134864081305,21.468693115392735,22.826346109006042,150,Laboral,Encendido
2026-05-04 20:00:00,4.289297136895473,4.87608865204975,21.47346549068869,6,Laboral,Apagado
2026-05-04 21:00:00,8.343049296434945,8.282305739502796,21.40668593728215,4,Laboral,Apagado
2026-05-04 22:00:00,9.444871321109037,9.75819329943953,20.24507515517139,3,Laboral,Apagado
2026-05-04 23:00:00,5.884316907787664,5.847502199686125,18.09710647331629,5,Laboral,Apagado
2026-05-05 00:00:00,3.0706792686590463,3.442432781182605,19.083890136061367,2,Laboral,Apagado
2026-05-05 01:00:00,4.6913530356123605,5.294646795301358,18.485526480262713,4,Laboral,Apagado
2026-05-05 02:00:00,9.711771726806624,9.89065715298117,18.112611353396428,6,Laboral,Apagado
2026-05-05 03:00:00,7.293965030378018,6.908112651275388,16.84322474321158,4,Laboral,Apagado
2026-05-05 04:00:00,9.970561557281627,10.079828438278224,16.9033031174172,2,Laboral,Apagado
2026-05-05 05:00:00,6.1067255505154145,6.725370895242866,16.144893336244536,3,Laboral,Apagado
2026-05-05 06:00:00,5.951835850242654,5.907605642982785,19.077165154623245,6,Laboral,Apagado
2026-05-05 07:00:00,17.352737307163288,19.58530123789586,16.4370485056904,61,Laboral,Encendido
2026-05-05 08:00:00,18.077949714140548,19.903036438367334,19.495572926315063,83,Laboral,Encendido
2026-05-05 09:00:00,18.0949592794071,16.883929135141265,20.592191501161775,122,Laboral,Encendido
2026-05-05 10:00:00,16.454305107672678,17.002312766412622,23.062738630123064,124,Laboral,Encendido
2026-05-05 11:00:00,,10.789000602948079,22.999264185676097,23,Laboral,Encendido
2026-05-05 12:00:00,11.61111173021957,13.162869976734148,22.671064133061368,53,Laboral,Encendido
2026-05-05 13:00:00,14.869086164095046,13.804499767954896,22.75198305694503,80,Laboral,Encendido
2026-05-05 14:00:00,20.242502398486682,18.736171795483767,23.988742878852257,138,Laboral,Encendido
2026-05-05 15:00:00,18.274217989210786,18.69334754091393,25.12793105514342,111,Laboral,Encendido
2026-05-05 16:00:00,19.01974246254901,19.582618560909673,24.929759385982404,109,Laboral,Encendido
2026-05-05 17:00:00,9.669062828946146,9.319681670285684,24.226950559051645,63,Laboral,Encendido
2026-05-05 18:00:00,13.292419532521812,14.957783108622214,23.00723209662304,64,Laboral,Encendido
2026-05-05 19:00:00,16.426752861497285,15.70268737943481,22.747843198280933,83,Laboral,Encendido
2026-05-05 20:00:00,7.855653915746255,8.446264391273424,23.232591710767124,5,Laboral,Apagado
2026-05-05 21:00:00,5.24289619765878,5.7077766716662,19.679485849393686,1,Laboral,Apagado
2026-05-05 22:00:00,4.4445297392243885,4.033496342403498,20.005095796781944,5,Laboral,
2026-05-05 23:00:00,8.964522265898763,8.178988270803336,20.942283063419275,3,Laboral,Apagado
2026-05-06 00:00:00,6.622665885025169,6.972995120323897,18.836766859380656,4,Laboral,Apagado
2026-05-06 01:00:00,7.864084644698934,7.2939262464874,16.988775639543555,4,Laboral,Apagado
2026-05-06 02:00:00,8.183252559784929,7.723072080921051,17.929463025824948,3,Laboral,Apagado
2026-05-06 03:00:00,7.259777063025584,8.089992301499782,16.09757094130188,1,Laboral,Apagado
2026-05-06 04:00:00,8.519594419150437,8.646603638589127,17.14475392177287,7,Laboral,Apagado
2026-05-06 05:00:00,10.064415987115577,10.032464495202811,19.400740620560956,5,Laboral,Apagado
2026-05-06 06:00:00,5.845358954240274,6.6198676446771225,20.44453619947622,2,Laboral,Apagado
2026-05-06 07:00:00,22.202528455348222,22.432526173933862,16.949644436607205,81,Laboral,Encendido
2026-05-06 08:00:00,10.825233546539206,10.309475834897233,20.804804655984398,32,Laboral,Encendido
2026-05-06 09:00:00,21.219742220334147,21.397349696623092,23.33833505881025,147,Laboral,Encendido
2026-05-06 10:00:00,15.96322190373315,16.315368834064568,21.380869367413695,85,Laboral,Encendido
2026-05-06 11:00:00,17.219945523630887,19.01564767832612,23.310788754897374,91,Laboral,Encendido
2026-05-06 12:00:00,22.71718801067189,25.14576141817751,25.63711577209877,121,Laboral,Encendido
2026-05-06 13:00:00,12.873388320622853,12.236956733430892,23.873076598813505,43,Laboral,Encendido
2026-05-06 14:00:00,19.735133117936847,19.920652843089194,25.406132233628792,123,Laboral,Encendido
2026-05-06 15:00:00,24.85125818182045,28.2109887091664,24.928952192460223,142,Laboral,Encendido
2026-05-06 16:00:00,16.465890222806078,15.672370074218314,22.553263282780826,113,Laboral,Encendido
2026-05-06 17:00:00,15.830293105886732,15.038074083910722,24.879447253504257,91,Laboral,Encendido
2026-05-06 18:00:00,12.646986591122158,12.692915946401577,23.607483334330514,37,Laboral,Encendido
2026-05-06 19:00:00,20.23612040695442,22.861760355804318,24.11375753284485,120,Laboral,Encendido
2026-05-06 20:00:00,7.063260804987399,6.919946484719283,24.54734081627443,2,Laboral,Apagado
2026-05-06 21:00:00,6.4281945881207125,6.660738413611626,21.820669791952348,3,Laboral,Apagado
2026-05-06 22:00:00,8.487653858257648,8.111510900962054,19.523846985613698,6,Laboral,Apagado
2026-05-06 23:00:00,10.95744016129182,10.263474779653118,19.54018117436688,7,Laboral,Apagado
2026-05-07 00:00:00,7.745490091516988,7.603695104546154,18.41371077410134,6,Laboral,Apagado
2026-05-07 01:00:00,4.9648567913515045,5.034935409483732,18.76347475124439,0,Laboral,Apagado
2026-05-07 02:00:00,8.115217215550643,8.824060912083349,15.409751342237255,7,Laboral,Apagado
2026-05-07 03:00:00,9.32839027300675,9.384023147672627,15.600407015431886,0,Laboral,Apagado
2026-05-07 04:00:00,8.867674597979113,9.735279368064361,14.68207765921415,5,Laboral,Apagado
2026-05-07 05:00:00,6.575045975117402,7.430940648626975,18.264399838366547,4,Laboral,Apagado
2026-05-07 06:00:00,9.275502222601615,8.565203709533076,18.14876487270081,6,Laboral,Apagado
2026-05-07 07:00:00,17.982343035499557,19.346377281472893,18.231834548901336,73,Laboral,Encendido
2026-05-07 07:00:00,17.982343035499557,19.346377281472893,18.231834548901336,73,Laboral,Encendido
2026-05-07 08:00:00,15.630730907380107,15.093468537316047,19.09442747871456,76,Laboral,Encendido
2026-05-07 09:00:00,13.087052773283915,12.994911519100553,20.31337052079292,53,Laboral,Encendido
2026-05-07 10:00:00,15.100536052132165,13.938121171601258,20.921897328250637,101,Laboral,Encendido
2026-05-07 11:00:00,16.97856763694765,17.825210282830103,22.614318073490825,127,Laboral,Encendido
2026-05-07 12:00:00,17.686999429997794,19.702450507165832,23.235368153851265,122,Laboral,Encendido
2026-05-07 13:00:00,19.240691230988656,18.870479947475808,26.132070714651356,124,Laboral,Encendido
2026-05-07 14:00:00,20.92812964502624,22.50768068480977,25.25167212322768,120,Laboral,Encendido
2026-05-07 15:00:00,21.347824581559554,23.55603504077897,24.01777294052116,148,Laboral,Encendido
2026-05-07 16:00:00,12.014186342887387,12.089813222944155,24.163039959689847,51,Laboral,Encendido
2026-05-07 17:00:00,15.912205435803461,15.469532751970968,25.902829927141802,61,Laboral,Encendido
2026-05-07 18:00:00,18.23412059854342,17.011026295892236,24.371339942310943,105,Laboral,Encendido
2026-05-07 19:00:00,,13.832320468579608,23.354219112786744,68,Laboral,Encendido
2026-05-07 20:00:00,5.31728828511251,5.20884684005464,22.900052231607397,1,Laboral,Apagado
2026-05-07 21:00:00,5.49548240147246,5.866920370803375,22.90333589617164,7,Laboral,Apagado
2026-05-07 22:00:00,10.119113134843136,10.327318721090528,18.503940716447364,5,Laboral,Apagado
2026-05-07 23:00:00,4.885239153963749,5.427837919538339,18.105190576178575,5,Laboral,Apagado
2026-05-08 00:00:00,8.04838807058076,7.903679768274043,16.082829281780104,0,Laboral,Apagado
2026-05-08 01:00:00,8.972651612834673,9.97258942319559,18.129755551787323,1,Laboral,Apagado
2026-05-08 02:00:00,6.207797076701485,7.002099459711135,16.681714625427844,2,Laboral,Apagado
2026-05-08 03:00:00,6.607845980958846,7.3374504445248965,16.193778726625037,2,Laboral,Apagado
2026-05-08 04:00:00,6.646594263233381,6.5238773300417146,16.22162216236811,3,Laboral,Apagado
2026-05-08 05:00:00,4.617273499113349,4.503262930304617,18.365526185201873,6,Laboral,Apagado
2026-05-08 06:00:00,9.501346115661557,9.566730767435986,18.00107662099835,0,Laboral,Apagado
2026-05-08 07:00:00,12.383584895443901,13.572024596783322,18.363373248538906,33,Laboral,Encendido
2026-05-08 08:00:00,9.11654039632859,9.689034786164934,21.4711564915282,52,Laboral,Encendido
2026-05-08 09:00:00,18.85417021296995,18.166096855270826,19.744712480704838,130,Laboral,Encendido
2026-05-08 10:00:00,16.815586945833367,17.094711250984137,20.518021212331263,101,Laboral,Encendido
2026-05-08 11:00:00,16.194816948661053,15.537779341824233,26.113574495354662,72,Laboral,Encendido
2026-05-08 12:00:00,9.930663305009402,10.950800311736025,23.38714906287394,47,Laboral,Encendido
2026-05-08 13:00:00,17.200196894047608,19.209972790375424,23.811936087391786,95,Laboral,Encendido
2026-05-08 14:00:00,17.074330280313898,16.835666473420346,23.990798880993616,119,Laboral,Encendido
2026-05-08 15:00:00,19.503002311917818,22.20444030464368,24.83572602543691,126,Laboral,Encendido
2026-05-08 16:00:00,19.94948577046945,20.489944987958882,25.80299608416026,108,Laboral,Encendido
2026-05-08 17:00:00,15.170532718793192,15.158372941269883,25.368257269219043,78,Laboral,Encendido
2026-05-08 18:00:00,14.810330348221575,13.467125351726448,24.481296444965274,69,Laboral,Encendido
2026-05-08 19:00:00,15.941548646267512,15.676388344368787,22.665677190845003,118,Laboral,Encendido
2026-05-08 20:00:00,11.500899449009435,12.809406405136306,20.247187635040703,4,Laboral,Apagado
2026-05-08 21:00:00,5.429131386195975,5.8621680995643,21.33954703149175,2,Laboral,Apagado
2026-05-08 22:00:00,7.114222278649082,8.054594108898263,21.787280449134883,1,Laboral,Apagado
2026-05-08 23:00:00,5.123629585348939,4.650620603823123,20.283134349738553,3,Laboral,encendido 
2026-05-09 00:00:00,5.723705562669653,6.282002689184283,17.969662958518164,5,Fin de semana,Apagado
2026-05-09 01:00:00,6.8347492590665615,7.063464604818411,18.498943498323015,0,Fin de semana,Apagado
2026-05-09 02:00:00,7.590527249947983,8.622005245978448,16.673706294073266,5,Fin de semana,Apagado
2026-05-09 03:00:00,7.587094288565945,8.260881819321893,16.933822319224078,6,Fin de semana,Apagado
2026-05-09 04:00:00,8.713758256596272,8.969455292634622,15.655058790455172,7,Fin de semana,Apagado
2026-05-09 05:00:00,9.402304982166402,9.999508836235808,17.157384819314245,3,Fin de semana,Apagado
2026-05-09 06:00:00,10.503973110108387,11.981136718703684,18.340251423907727,0,Fin de semana,Apagado
2026-05-09 07:00:00,10.51205153064708,9.688470072402243,18.797149530412337,0,Fin de semana,Apagado
2026-05-09 08:00:00,,6.344702571881661,20.88867956753859,5,Fin de semana,Apagado
2026-05-09 09:00:00,9.785490403822344,9.81888328657723,23.260408921810086,4,Fin de semana,Apagado
2026-05-09 10:00:00,9.959080589259933,9.722490036559575,23.621241358373403,7,Fin de semana,Apagado
2026-05-09 11:00:00,4.890511569754667,5.082537461335811,22.634056706380125,1,Fin de semana,Apagado
2026-05-09 12:00:00,5.437915964237115,5.711657291247348,22.951007504496157,3,Fin de semana,Apagado
2026-05-09 13:00:00,6.215416978400929,6.647672384462877,23.680910027697152,1,Fin de semana,Apagado
2026-05-09 14:00:00,10.062078110296603,9.080446380086588,23.690344530109723,3,Fin de semana,Apagado
2026-05-09 15:00:00,6.561484030659091,7.327184437116301,25.040816043090572,0,Fin de semana,Apagado
2026-05-09 16:00:00,-5.0,6.593882832968847,25.369045707017484,5,Fin de semana,Apagado
2026-05-09 17:00:00,9.585841254444246,8.837718366310437,24.68374901584399,5,Fin de semana,Apagado
2026-05-09 18:00:00,6.731653748992096,7.422268280038487,24.0608071302968,7,Fin de semana,Apagado
2026-05-09 19:00:00,5.900332206214277,5.638046793059408,23.189840231322997,1,Fin de semana,Apagado
2026-05-09 20:00:00,6.732694710435632,6.517112006577702,21.876811259525994,0,Fin de semana,Apagado
2026-05-09 21:00:00,6.924769845163285,6.7827187191175815,20.109172516200346,3,Fin de semana,Apagado
2026-05-09 22:00:00,1.5,1.4346047880187354,22.034298895064065,0,Fin de semana,Apagado
2026-05-09 23:00:00,4.597211614295542,4.925630237465009,20.25703798855855,6,Fin de semana,Apagado
2026-05-10 00:00:00,8.754005617032453,8.270383670459687,17.081665852249998,0,Fin de semana,Apagado
2026-05-10 01:00:00,5.4550398983703055,6.098588990207868,16.449608503152525,3,Fin de semana,Apagado
2026-05-10 02:00:00,10.194050386755897,10.571457323995883,16.432772303913694,3,Fin de semana,Apagado
2026-05-10 03:00:00,25.340574920289665,27.695264602066306,17.039634488595848,6,Fin de semana,Apagado
2026-05-10 04:00:00,7.785219205692252,8.778524012138574,18.647151977452005,5,Fin de semana,Apagado
2026-05-10 05:00:00,7.973741024946132,8.993922270680041,18.753714459647973,7,Fin de semana,Apagado
2026-05-10 06:00:00,3.4669113305422363,3.649427505125612,19.452873302502084,1,Fin de semana,Apagado
2026-05-10 07:00:00,4.976020036476441,5.357613606314501,20.305401093038192,0,Fin de semana,Apagado
2026-05-10 08:00:00,4.351725244983861,4.195645388420703,21.292406626388754,4,Fin de semana,Apagado
2026-05-10 09:00:00,6.69129750568265,6.5852111828455335,21.884027505395117,7,Fin de semana,Apagado
2026-05-10 10:00:00,8.982974475709247,9.205391787511905,22.580680539620307,5,Fin de semana,Apagado
2026-05-10 11:00:00,5.88093202302749,5.798343581116169,22.857134930714274,4,Fin de semana,Apagado
2026-05-10 12:00:00,6.3610076227403125,6.493903879606951,21.735905272856574,6,Fin de semana,Apagado
2026-05-10 13:00:00,3.1847332189153805,3.2217814741495427,24.309035020089514,2,Fin de semana,Apagado
2026-05-10 14:00:00,7.042651862967228,7.173100909836322,27.0260765797404,2,Fin de semana,Apagado
2026-05-10 15:00:00,6.698276897128957,6.706858496100458,24.352040395951803,7,Fin de semana,Apagado
2026-05-10 16:00:00,6.075247072795883,5.7781521811313645,24.112871285415594,0,Fin de semana,Apagado
2026-05-10 17:00:00,8.261816917317022,8.90006178853389,25.68500024497585,2,Fin de semana,Apagado
2026-05-10 18:00:00,8.927053492241926,8.535344691778304,23.925176916036147,1,Fin de semana,Apagado
2026-05-10 19:00:00,5.73426356354362,5.408789965671663,22.423936394049374,0,Fin de semana,Apagado
2026-05-10 20:00:00,7.663505885660051,7.334460085149608,23.904471948308775,7,Fin de semana,Apagado
2026-05-10 21:00:00,2.9191138803226684,3.0200552892243198,21.748987017453576,0,Fin de semana,Apagado
2026-05-10 22:00:00,7.656162649838678,6.947872562088413,20.873817341159764,6,Fin de semana,Apagado
2026-05-10 23:00:00,7.709301392038049,8.210316029443542,18.322509509748603,7,Fin de semana,Apagado
2026-05-11 00:00:00,4.362525829220214,4.258111209747597,18.768034926382793,7,Laboral,Apagado
2026-05-11 01:00:00,8.380393037565872,8.159996984489569,17.987689903014765,7,Laboral,Apagado
2026-05-11 02:00:00,5.9466891602000285,6.334109660390563,18.068790306429932,0,Laboral,Apagado
2026-05-11 03:00:00,9.251929379712548,10.126098561276661,18.379003574193597,5,Laboral,Apagado
2026-05-11 04:00:00,7.8681872821437535,7.345693498180939,18.487584905852252,1,Laboral,Apagado
2026-05-11 05:00:00,8.02593188501369,8.529864278959478,17.740487362682927,7,Laboral,Apagado
2026-05-11 06:00:00,10.453483138009302,9.445307948131747,18.99897206847221,7,Laboral,Apagado
2026-05-11 07:00:00,21.47824897375199,24.661032233491532,17.62590634393803,126,Laboral,Encendido
2026-05-11 08:00:00,13.201665844417754,12.57719859708797,20.737058357255894,75,Laboral,Encendido
2026-05-11 09:00:00,17.483505355359185,17.54469239555008,21.82117797176947,129,Laboral,Encendido
2026-05-11 10:00:00,10.712582840038712,10.827922256688936,21.568651102340393,49,Laboral,Encendido
2026-05-11 11:00:00,13.09355371699895,12.78419904056618,22.071502583842022,99,Laboral,Encendido
2026-05-11 12:00:00,20.907096093394266,23.24221695859973,23.75791834363155,137,Laboral,Encendido
2026-05-11 13:00:00,11.090340675874238,12.736760290934724,23.007957877157647,40,Laboral,Encendido
2026-05-11 14:00:00,12.167520741701328,11.469218407242941,25.27276013289371,43,Laboral,Encendido
2026-05-11 15:00:00,11.679399312343904,10.852859528725283,25.353641390118437,57,Laboral,Encendido
2026-05-11 16:00:00,15.904811697289219,15.269167023131041,23.725422165736532,69,Laboral,Encendido
2026-05-11 17:00:00,23.376287447504733,23.19324388673506,24.521182738626187,140,Laboral,Encendido
2026-05-11 18:00:00,19.337615617646883,17.405298622929365,25.109682338048295,96,Laboral,Encendido
2026-05-11 19:00:00,,13.082031600679413,24.275132205396233,36,Laboral,Encendido
2026-05-11 20:00:00,9.838476389055664,10.265865607912069,23.247925380190583,5,Laboral,Apagado
2026-05-11 21:00:00,6.8624862753914,6.494249227451087,20.819568037511836,1,Laboral,Apagado
2026-05-11 22:00:00,9.7717811183706,9.466609024986882,19.55896378865872,2,Laboral,Apagado
2026-05-11 23:00:00,6.834669246936695,6.881451501228615,18.530964537021873,0,Laboral,Apagado
2026-05-12 00:00:00,6.056064953024148,6.122096305748471,18.88278852929808,7,Laboral,Apagado
2026-05-12 01:00:00,7.080631483170091,7.366460905263017,20.35813914547403,7,Laboral,Apagado
2026-05-12 02:00:00,6.735109558946609,6.281582527984042,18.822301743434256,3,Laboral,Apagado
2026-05-12 03:00:00,8.059131640702155,8.359586174069983,18.90292746521047,2,Laboral,Apagado
2026-05-12 04:00:00,10.663635123760265,11.44380524264667,18.75618207434706,4,Laboral,Apagado
2026-05-12 05:00:00,9.39832814547657,10.80711155411423,15.600580487651282,4,Laboral,Apagado
2026-05-12 06:00:00,9.808581985166315,10.054010428871166,,6,Laboral,Apagado
2026-05-12 07:00:00,16.842750599940345,19.184339805331618,18.480826782087732,37,Laboral,Encendido
2026-05-12 08:00:00,19.636099399526266,19.838166451629412,21.464217075710902,111,Laboral,Encendido
2026-05-12 09:00:00,10.023255933819158,11.260440671881287,23.026062955861775,32,Laboral,Encendido
2026-05-12 10:00:00,17.283292486565923,18.689003022711496,21.238574854880923,131,Laboral,Encendido
2026-05-12 11:00:00,16.571527653201347,16.422324551744612,23.04639242263043,64,Laboral,Encendido
2026-05-12 12:00:00,16.40912276231354,14.999638810641555,24.497038962874328,108,Laboral,Encendido
2026-05-12 13:00:00,6.925117300340824,6.74550021483852,23.87795373050847,25,Laboral,Encendido
2026-05-12 14:00:00,9.56821972994536,8.838481556567496,24.109477262634734,55,Laboral,Encendido
2026-05-12 15:00:00,17.12091841345816,17.062418186882983,24.18707291454616,75,Laboral,Encendido
2026-05-12 16:00:00,18.805324412235322,20.46822586370266,25.925568849365604,125,Laboral,Encendido
2026-05-12 17:00:00,8.997516102664912,9.321674568695185,23.373159718942535,23,Laboral,Encendido
2026-05-12 18:00:00,13.9201092526722,14.430213490713497,25.190808031235413,53,Laboral,Encendido
2026-05-12 19:00:00,20.13564143329236,22.1197585903572,23.10422152198136,119,Laboral,Encendido
2026-05-12 20:00:00,3.7795448527347686,4.170331615197503,22.937277119289902,0,Laboral,Apagado
2026-05-12 21:00:00,6.47882476192519,7.071412938920217,22.8540454939022,2,Laboral,Apagado
2026-05-12 22:00:00,7.780989172399583,8.439779782586141,19.162011868338617,3,Laboral,Apagado
2026-05-12 23:00:00,10.386799843337558,10.336517811230898,18.019986168407613,5,Laboral,Apagado
2026-05-13 00:00:00,7.17798042517611,6.994541986135222,18.683654119498318,5,Laboral,Apagado
2026-05-13 01:00:00,8.565137512485743,8.819861068337193,16.297931206155535,0,Laboral,Apagado
2026-05-13 02:00:00,7.953319892748738,7.522082770324206,16.26026567219742,4,Laboral,Apagado
2026-05-13 03:00:00,10.360674894705271,9.50330257622788,16.863830182273848,6,Laboral,Apagado
2026-05-13 04:00:00,10.007670781167505,9.459779070007516,17.3245260011123,7,Laboral,Apagado
2026-05-13 05:00:00,7.487911971601815,8.003466265572138,16.043851221083422,0,Laboral,Apagado
2026-05-13 06:00:00,8.524747969596167,9.637181415364068,17.71302640256412,0,Laboral,Apagado
2026-05-13 07:00:00,16.65892590005432,17.737238646770788,19.698890316822283,121,Laboral,Encendido
2026-05-13 08:00:00,9.72379795742153,10.501138654519652,21.576316903377478,36,Laboral,Encendido
2026-05-13 09:00:00,20.7764725968711,19.09733049505247,18.648763269992095,142,Laboral,Encendido
2026-05-13 10:00:00,13.753627130087237,13.58989645170848,23.59981015716726,76,Laboral,Encendido
2026-05-13 11:00:00,14.293732293545354,15.113564757272366,24.055926386587966,48,Laboral,Encendido
2026-05-13 12:00:00,20.60456471272055,21.021725587736704,22.529142624711955,114,Laboral,Encendido
2026-05-13 13:00:00,9.485331123745533,9.275781652055526,22.703969849883674,27,Laboral,Encendido
2026-05-13 14:00:00,20.701355962017914,23.461459570563964,25.363392347148462,126,Laboral,Encendido
2026-05-13 15:00:00,15.983029712352996,15.33276155280159,24.497941817892297,88,Laboral,Encendido
2026-05-13 16:00:00,16.172031845250945,17.292886921768226,25.026552260731187,62,Laboral,Encendido
2026-05-13 17:00:00,20.33028059473991,20.695260956866207,25.49394146404211,121,Laboral,Encendido
2026-05-13 18:00:00,16.581413067911342,18.934336405371454,23.38336419213157,82,Laboral,Encendido
2026-05-13 19:00:00,12.695746150420769,11.432393088757204,23.194173566130424,30,Laboral,Encendido
2026-05-13 20:00:00,7.459990585442874,7.962083370745849,22.603554861401737,2,Laboral,Apagado
2026-05-13 21:00:00,5.795070992317347,6.441763097929419,22.063056229089103,6,Laboral,Apagado
2026-05-13 22:00:00,7.501567438182108,8.207701984181929,22.070968657246425,2,Laboral,Apagado
2026-05-13 23:00:00,5.508688662094601,5.001236717470742,21.0333984399883,5,Laboral,Apagado
2026-05-14 00:00:00,4.6731282551030295,4.580863869222688,18.459840825291536,6,Laboral,Apagado
2026-05-14 01:00:00,10.076154952790782,10.287684879301999,17.25363630528971,3,Laboral,Apagado
2026-05-14 02:00:00,10.245098964668365,10.291700900652625,19.972352408277157,1,Laboral,Apagado
2026-05-14 03:00:00,10.207814468350392,9.746413342947308,17.765404532550917,3,Laboral,Apagado
2026-05-14 04:00:00,7.320172040514096,6.664416543729314,17.64701775812382,4,Laboral,Apagado
2026-05-14 05:00:00,2.1667860338640397,2.2697357291281084,16.220839346819865,1,Laboral,Apagado
2026-05-14 06:00:00,6.355884270210964,7.237616446859041,19.101841342256908,7,Laboral,Apagado
2026-05-14 07:00:00,21.26047839055949,21.88720697833579,18.072310053248437,110,Laboral,Encendido
2026-05-14 08:00:00,15.341487161827114,14.89640009251413,19.418095594370204,81,Laboral,Encendido
2026-05-14 09:00:00,24.322086165229408,22.890741416634633,19.40586890608751,145,Laboral,Encendido
2026-05-14 10:00:00,17.518063742447193,19.907716921596414,21.41612387469962,138,Laboral,Encendido
2026-05-14 11:00:00,15.096349780941289,16.948417273689405,23.074644118165168,79,Laboral,Encendido
2026-05-14 12:00:00,15.356412114766206,14.143511455715094,22.03743876786771,100,Laboral,Encendido
2026-05-14 13:00:00,13.7603059840778,15.219057372798874,23.39590044853736,65,Laboral,Encendido
2026-05-14 14:00:00,11.379382594040075,12.234704993816472,24.770945817896862,55,Laboral,Encendido
2026-05-14 15:00:00,20.503210236390068,20.041002459400147,23.492513762020693,146,Laboral,Encendido
2026-05-14 16:00:00,,17.549426876558382,23.36897229191484,101,Laboral,Encendido
2026-05-14 17:00:00,14.810520783347483,14.629103037368889,23.47123976149444,89,Laboral,Encendido
2026-05-14 18:00:00,10.996783152092135,10.893752228207854,22.148513511767728,81,Laboral,Encendido
2026-05-14 19:00:00,11.157993425906582,11.558571998931663,23.733897327283593,47,Laboral,Encendido
2026-05-14 20:00:00,5.156664683878817,5.686559094368786,20.849211083485866,6,Laboral,Apagado
2026-05-14 21:00:00,6.638265791546255,6.500825444551537,21.919112648405846,1,Laboral,Apagado
2026-05-14 22:00:00,8.26317121566254,7.684504468943873,21.06982052814888,3,Laboral,Apagado
2026-05-14 23:00:00,8.545336433756514,9.610985044657875,17.569416723253322,4,Laboral,Apagado
2026-05-15 00:00:00,8.188927986223886,7.995759052422329,18.22049809571291,2,Laboral,Apagado
2026-05-15 01:00:00,8.04236153579099,7.6653595579227485,16.9641757253294,6,Laboral,Apagado
2026-05-15 02:00:00,9.078006183305973,10.080390347526748,15.777834946507046,5,Laboral,Apagado
2026-05-15 03:00:00,4.452423287194719,4.5190353678018695,16.600209422379866,0,Laboral,Apagado
2026-05-15 04:00:00,8.179330150500498,9.07695040108862,16.84811261747799,2,Laboral,Apagado
2026-05-15 05:00:00,9.412422525331733,10.797206820774537,18.385726426431898,6,Laboral,Apagado
2026-05-15 06:00:00,6.021296196874451,5.668084764622573,19.397520495199085,1,Laboral,Apagado
2026-05-15 07:00:00,14.935036894995841,16.130218154924307,17.684825845117803,34,Laboral,encendido 
2026-05-15 08:00:00,12.867157033361842,12.83090704960734,19.4793986165345,77,Laboral,Encendido
2026-05-15 09:00:00,10.411827621841782,10.406479135112617,21.63434362225801,45,Laboral,Encendido
2026-05-15 10:00:00,10.903770587183123,10.81006866203636,23.443849103728923,42,Laboral,Encendido
2026-05-15 11:00:00,21.515728762314943,22.126270656431373,20.079093114591508,141,Laboral,Encendido
2026-05-15 12:00:00,12.43860765565936,13.498932870816908,25.358021724413025,29,Laboral,Encendido
2026-05-15 13:00:00,20.832971890591942,19.56808722141969,24.263266573641598,94,Laboral,Encendido
2026-05-15 14:00:00,13.12896145494695,13.137176819723607,26.697524844824194,87,Laboral,Encendido
2026-05-15 15:00:00,10.4052401136746,9.899906877040289,24.493004164286738,49,Laboral,Encendido
2026-05-15 16:00:00,12.197616039256918,11.411788363461367,23.869381075428862,61,Laboral,Encendido
2026-05-15 17:00:00,18.618711614170476,17.069474598935443,24.517936543427187,109,Laboral,Encendido
2026-05-15 18:00:00,13.201378738396954,14.919719069919902,25.228322111804648,55,Laboral,Encendido
2026-05-15 19:00:00,12.446867122454087,12.299520087196552,23.036731574210005,74,Laboral,Encendido
2026-05-15 20:00:00,4.4541291606266515,4.555429382848659,19.212965035925933,4,Laboral,Apagado
2026-05-15 21:00:00,3.8408397512841637,3.655961268741791,21.819164025900797,4,Laboral,Apagado
2026-05-15 22:00:00,5.815856607698554,5.912616061516808,18.037527270500668,0,Laboral,Apagado
2026-05-15 23:00:00,10.57033326105118,9.525926196129769,17.828347417499568,4,Laboral,Apagado
